grower_id,deliver_date,Bog,LotID,GTL,Rot,Debris,Color,Variety,GTL ,Lot Pack Out,Pack Out %,"Useable 
w 3 % Allow",kqf_pre,kqf_final
Deca01,9/22/2016,MP10,"3,654",4979,12.1,0,35,SK,"3,880","3,699",95.34%,"3,362",1,2
Deca01,9/22/2016,MP9,"3,655",4980,13.5,0,39,SK,"25,380","24,557",96.76%,"21,979",1,2
Reze02,9/22/2016,#1,"3,656",4981,1.3,0,12,BL,"54,640","51,843",94.88%,"51,843",1,2
Reze02,9/22/2016,#1,"3,656",4982,1.3,0,12,BL,"29,580","28,066",94.88%,"28,066",1,2
Deca03,9/23/2016,ZPD,"3,658",4985,,,,PD,"3,160","3,057",96.75%,"3,057",1,2
Reze02,9/23/2016,#2,"3,657",4983,0.66,0,13,BL,"55,280","53,832",97.38%,"53,832",1,2
Reze02,9/23/2016,#2,"3,657",4984,0.66,0,13,BL,"51,940","50,580",97.38%,"50,580",1,2
Reze02,9/23/2016,#3,"3,659",4986,0.7,0,10,BL,"56,160","54,309",96.70%,"54,309",1,2
Reze02,9/23/2016,#3,"3,659",4987,0.7,0,10,BL,"30,060","29,070",96.70%,"29,070",1,2
Deca03,9/26/2016,ZPD,"3,658",4988,,,,PD,"9,340","9,037",96.75%,"9,037",1,2
Pime01,9/26/2016,house,"3,660",4989,10,0,23,EB,"19,820","17,261",87.09%,"16,052",1,2
Pime01,9/26/2016,house,"3,660",4990,10,0,23,EB,"1,220","1,062",87.09%,988,1,2
Deca03,9/27/2016,ZPD,"3,658",4991,,,,PD,"4,780","4,625",96.75%,"4,625",1,2
DeMo01,9/27/2016,6,"3,661",4992,7.7,0,17,OB,"38,320","36,189",94.44%,"34,488",1,2
DeMo01,9/28/2016,3,"3,662",4993,8.2,0,17,OB,"46,500","43,564",93.69%,"41,299",1,2
Deca03,9/29/2016,ZPD,"3,663",4995,,,,PD,"2,080","2,070",99.50%,"2,070",1,2
DeMo01,9/29/2016,3,"3,662",4994,8.2,0,17,OB,"33,580","31,460",93.69%,"29,824",1,2
Deca01,9/30/2016,CAR19,"3,665",4998,0.2,0,34,EB,"31,260","29,287",93.69%,"29,287",1,2
Deca03,9/30/2016,ZPD,"3,663",4997,,,,PD,"8,180","8,139",99.50%,"8,139",1,2
Hann01,9/30/2016,D9,"3,664",4996,2.5,0,37,BL,"43,720","42,142",96.39%,"42,142",1,2
Pink01,9/30/2016,BShant,"3,666",4999,15.7,0,19,EB,"16,000","14,441",90.25%,"12,607",1,2
Pink01,9/30/2016,BShant,"3,666",5000,15.7,0,19,EB,"17,180","15,505",90.25%,"13,536",1,2
Deca03,10/3/2016,ZPD,"3,673",5010,,,,PD,"10,120","9,979",98.61%,"9,979",1,2
Hann01,10/3/2016,D3,"3,669",5003,2.8,0,47,BL,"41,880","40,210",96.01%,"40,210",1,2
Hann01,10/3/2016,D3,"3,671",5007,0.8,0,72,BL,"56,900","54,443",95.68%,"54,443",1,2
Hann01,10/3/2016,D3,"3,671",5009,0.8,0,72,BL,"44,220","42,311",95.68%,"42,311",1,2
Medi01,10/3/2016,A3,"3,670",5005,1.9,0,23,BL,"10,140","9,655",95.22%,"9,655",1,2
Pink01,10/3/2016,BShant,"3,667",5001,3.5,0,17,EB,"15,800","14,877",94.16%,"14,803",1,2
Pink01,10/3/2016,3House,"3,672",5008,1.3,0,25,EB,"13,840","12,812",92.57%,"12,812",1,2
Reze02,10/3/2016,#6,"3,668",5002,1.23,0,20,BL,"53,420","51,965",97.28%,"51,965",1,2
Reze02,10/3/2016,#6,"3,668",5004,1.23,0,20,BL,"44,980","43,755",97.28%,"43,755",1,2
Reze02,10/3/2016,#6,"3,668",5006,1.23,0,20,BL,"43,620","42,432",97.28%,"42,432",1,2
Deca03,10/4/2016,ZPD,"3,673",5015,,,,PD,"3,220","3,175",98.61%,"3,175",1,2
Hann01,10/4/2016,D4,"3,674",5011,0.9,0,28,BL,"14,340","13,911",97.01%,"13,911",1,2
Hann01,10/4/2016,D4,"3,677",5014,1.4,0,30,BL,"58,060","56,106",96.63%,"56,106",1,2
Hann01,10/4/2016,D5,"3,679",5018,0.5,0,35,EB,"19,420","18,828",96.95%,"18,828",1,2
Hann01,10/4/2016,D7,"3,684",5025,0.3,0,26,EB,"57,520","55,777",96.97%,"55,777",1,2
Hann01,10/4/2016,D8,"3,687",5028,0.7,0,34,EB,"26,520","25,982",97.97%,"25,982",1,2
Medi01,10/4/2016,A2,"3,681",5020,2.11,0,33,EB,"22,560","21,707",96.22%,"21,707",1,2
Medi01,10/4/2016,A2,"3,681",5021,2.11,0,33,EB,"24,020","23,111",96.22%,"23,111",1,2
Medi01,10/4/2016,A2,"3,686",5027,0.7,0,35,EB,"18,460","17,632",95.51%,"17,632",1,2
Pett02,10/4/2016,#4,"3,678",5016,2.6,0,20,BL,"21,080","20,197",95.81%,"20,197",1,2
Pett02,10/4/2016,#4,"3,678",5017,2.6,0,20,BL,"12,740","12,206",95.81%,"12,206",1,2
Pett02,10/4/2016,#4,"3,683",5024,6,0,23,BL,"20,160","19,258",95.53%,"18,680",1,2
Pett02,10/4/2016,#4,"3,685",5026,6.2,0,23,BL,"10,580","9,947",94.02%,"9,629",1,2
Pink01,10/4/2016,3House,"3,682",5023,0.7,0,31,EB,"16,580","15,827",95.46%,"15,827",1,2
Reze02,10/4/2016,#7,"3,675",5012,1.45,0,24,BL,"52,500","51,288",97.69%,"51,288",1,2
Reze02,10/4/2016,#7,"3,676",5013,1.05,0,26,BL,"46,320","45,002",97.15%,"45,002",1,2
Reze02,10/4/2016,#7,"3,680",5019,1.85,0,30,BL,"55,520","53,819",96.94%,"53,819",1,2
Reze02,10/4/2016,#7,"3,680",5022,1.85,0,30,BL,"30,860","29,914",96.94%,"29,914",1,2
Reze02,10/4/2016,#8,"3,688",5029,1.4,0,22,BL,"55,540","53,871",96.99%,"53,871",1,2
CLMil1,10/5/2016,S01,"3,695",5036,2.65,0,40,EB,"29,380","27,429",93.36%,"27,429",1,2
CLMil1,10/5/2016,S01,"3,695",5037,2.65,0,40,EB,"11,800","11,016",93.36%,"11,016",1,2
Deca01,10/5/2016,CAR23,"3,692",5033,2.5,0,28,BL,"40,480","38,403",94.87%,"38,403",1,2
Deca01,10/5/2016,CAR23,"3,693",5034,2.1,0,31,BL,"40,220","37,926",94.30%,"37,926",1,2
Deca01,10/5/2016,CAR23,"3,693",5038,2.1,0,31,BL,"32,380","30,534",94.30%,"30,534",1,2
Deca03,10/5/2016,ZPD,"3,694",5035,,,,PD,"2,800","2,714",96.93%,"2,714",1,2
Hamb01,10/5/2016,Pond V,"3,697",5040,3.5,0,35,EB,"13,940","12,943",92.85%,"12,943",1,2
Hann01,10/5/2016,D14,"3,690",5031,2.2,0,37,BL,"25,240","24,417",96.74%,"24,417",1,2
Hann01,10/5/2016,D13,"3,696",5039,2,0,37,BL,"15,640","15,296",97.80%,"15,296",1,2
Padu01,10/5/2016,Rock#5,"3,698",5041,5.4,0,31,EB,"14,480","13,370",92.33%,"13,049",1,2
Pink01,10/5/2016,Ramp,"3,691",5032,1.8,0,28,EB,"10,660","10,216",95.83%,"10,216",1,2
Reze02,10/5/2016,#8,"3,689",5030,0.5,0,23,BL,"17,640","17,278",97.95%,"17,278",1,2
Deca03,10/6/2016,ZPD,"3,716",5060,,,,PD,"3,920","3,885",99.11%,"3,885",1,2
Hamb03,10/6/2016,COOMBE,"3,715",5059,1.3,0,33,EB,"26,100","24,680",94.56%,"24,680",1,2
Hann01,10/6/2016,D10,"3,706",5050,2.8,0,30,BL,"26,940","26,243",97.41%,"26,243",1,2
Hann03,10/6/2016,B3,"3,699",5042,2.2,0,40,EB,"57,180","55,410",96.90%,"55,410",1,2
Hann03,10/6/2016,B3,"3,705",5049,2,0,29,EB,"26,440","25,384",96.01%,"25,384",1,2
Hann03,10/6/2016,MEL A6,"3,712",5056,2.4,0,30,BL,"46,460","44,899",96.64%,"44,899",1,2
John05,10/6/2016,Full01,"3,700",5043,2.4,0,30,BL,"41,820","39,966",95.57%,"39,966",1,2
John05,10/6/2016,Full01,"3,707",5051,2,0,33,BL,"56,740","54,553",96.15%,"54,553",1,2
John05,10/6/2016,Full01,"3,711",5055,2.8,0,37,BL,"60,540","58,123",96.01%,"58,123",1,2
Medi01,10/6/2016,A6,"3,709",5053,0.8,0,33,EB,"30,980","29,725",95.95%,"29,725",1,2
Medi01,10/6/2016,A6,"3,713",5057,1.8,0,35,EB,"22,780","21,979",96.48%,"21,979",1,2
Padu01,10/6/2016,Rock#5,"3,703",5047,6,0,34,EB,"14,000","12,228",87.34%,"11,861",1,2
Pink01,10/6/2016,Center,"3,701",5044,1.3,0,32,EB,"17,020","16,322",95.90%,"16,322",1,2
Pink01,10/6/2016,Center,"3,701",5045,1.3,0,32,EB,"15,680","15,037",95.90%,"15,037",1,2
Pink01,10/6/2016,Center,"3,708",5052,4.5,0,35,EB,"16,980","15,933",93.83%,"15,694",1,2
Reze02,10/6/2016,#8,"3,702",5046,1.4,0,27,BL,"57,060","55,700",97.62%,"55,700",1,2
Reze02,10/6/2016,#8,"3,704",5048,2.9,0,26,BL,"41,560","40,503",97.46%,"40,503",1,2
Reze02,10/6/2016,#4,"3,710",5054,1.5,0,28,BL,"57,120","55,444",97.07%,"55,444",1,2
Reze02,10/6/2016,#4,"3,714",5058,1.6,0,30,BL,"49,160","47,524",96.67%,"47,524",1,2
Reze02,10/6/2016,#4,"3,717",5061,2.9,0,26,BL,"58,420","56,323",96.41%,"56,323",1,2
CLMil1,10/7/2016,S03,"3,729",5073,1.9,0,36,MX,"29,820","27,875",93.48%,"27,875",1,2
CLMil1,10/7/2016,S03,"3,731",5075,0.6,0,26,MX,"6,820","6,425",94.21%,"6,425",1,2
Hann03,10/7/2016,B2,"3,719",5063,0.1,0,57,EB,"55,660","53,496",96.11%,"53,496",1,2
Hann03,10/7/2016,B2,"3,725",5069,1.8,0,55,EB,"51,480","49,689",96.52%,"49,689",1,2
Hann03,10/7/2016,B2,"3,726",5070,1.3,0,59,EB,"59,420","56,712",95.44%,"56,712",1,2
Hann03,10/7/2016,B2,"3,727",5071,0.9,0,56,EB,"7,580","7,352",96.99%,"7,352",1,2
Hann03,10/7/2016,B4,"3,728",5072,1.2,0,48,BL,"30,700","29,917",97.45%,"29,917",1,2
Hann03,10/7/2016,B1,"3,733",5077,0.6,0,24,ST,"28,900","28,035",97.01%,"28,035",1,2
Medi01,10/7/2016,A6,"3,718",5062,1.6,0,23,EB,"30,200","29,419",97.41%,"29,419",1,2
Medi01,10/7/2016,A6,"3,722",5066,0.3,0,28,EB,"28,460","27,088",95.18%,"27,088",1,2
Padu01,10/7/2016,Rock#4,"3,732",5076,4.2,0,27,BL,"15,640","14,314",91.52%,"14,142",1,2
Pink01,10/7/2016,Reserv,"3,724",5068,0.9,0,30,EB,"17,500","16,736",95.63%,"16,736",1,2
Reze01,10/7/2016,Ell 3,"3,730",5074,1.4,0,26,BL,"56,740","54,816",96.61%,"54,816",1,2
Reze02,10/7/2016,#4,"3,720",5064,1.1,0,24,BL,"58,200","56,308",96.75%,"56,308",1,2
Reze02,10/7/2016,#4,"3,721",5065,1.8,0,31,BL,"48,860","47,290",96.79%,"47,290",1,2
Reze02,10/7/2016,#4,"3,723",5067,0.1,0,22,BL,"11,120","10,805",97.17%,"10,805",1,2
Deca01,10/8/2016,MP1A,"3,737",5082,4.65,0,40,ST,"37,760","34,761",92.06%,"34,188",1,2
Deca01,10/8/2016,MP1A,"3,737",5087,4.65,0,40,ST,"23,100","21,266",92.06%,"20,915",1,2
Hann01,10/8/2016,D-15,"3,736",5081,0.75,0,45,BL,"59,160","57,336",96.92%,"57,336",1,2
Hann01,10/8/2016,D-15,"3,736",5085,0.75,0,45,BL,"49,900","48,361",96.92%,"48,361",1,2
Medi01,10/8/2016,A8,"3,738",5084,1.3,0,38,EB,"25,000","24,365",97.46%,"24,365",1,2
Pink01,10/8/2016,road,"3,739",5086,1.7,0,38,EB,"11,200","10,596",94.61%,"10,596",1,2
Reze01,10/8/2016,Ell 3,"3,730",5079,1.4,0,26,BL,"48,960","47,300",96.61%,"47,300",1,2
Reze01,10/8/2016,Ell 3,"3,734",5078,1,0,29,BL,"25,440","24,781",97.41%,"24,781",1,2
Reze01,10/8/2016,Ell 4,"3,735",5080,2.93,0,30,BL,"60,180","58,615",97.40%,"58,615",1,2
Reze01,10/8/2016,Ell 4,"3,735",5083,2.93,0,30,BL,"49,180","47,901",97.40%,"47,901",1,2
Reze01,10/8/2016,Ell 4,"3,735",5088,2.93,0,30,BL,"23,640","23,025",97.40%,"23,025",1,2
Reze01,10/8/2016,Ell 4,"3,735",5089,2.93,0,30,BL,"42,360","41,258",97.40%,"41,258",1,2
Ande01,10/10/2016,A-4,"3,742",5094,4.6,0,35,ST,"34,800","28,471",81.81%,"28,015",1,2
Bapt04,10/10/2016,Cemet,,,,,,BL,,,,,1,2
Beat01,10/10/2016,Corwin,"3,744",5095,2.8,0,40,MX,"41,320","38,698",93.65%,"38,698",1,2
Beat01,10/10/2016,Corwin,"3,752",5104,1.4,0,36,MX,"8,860","8,014",90.45%,"8,014",1,2
CLPin1,10/10/2016,Middle,"3,751",5102,8,0,30,EB,"31,640","29,305",92.62%,"27,839",1,2
CLPin1,10/10/2016,Middle,"3,751",5105,8,0,30,EB,"31,480","29,156",92.62%,"27,699",1,2
Deca01,10/10/2016,MP1B,"3,740",5090,2.4,0,32,ST,"36,200","34,586",95.54%,"34,586",1,2
Deca01,10/10/2016,MP1B,"3,740",5091,2.4,0,32,ST,"42,100","40,224",95.54%,"40,224",1,2
Deca01,10/10/2016,MP1B,"3,746",5092,2.9,0,23,ST,"39,200","37,559",95.81%,"37,559",1,2
Deca01,10/10/2016,MP2,"3,749",5100,0.7,0,40,ST,"39,580","37,967",95.92%,"37,967",1,2
Deca01,10/10/2016,MP2,"3,756",5109,2.5,0,39,ST,"42,380","40,663",95.95%,"40,663",1,2
Deca01,10/10/2016,MP6,"3,763",5121,3.2,0,31,ST,"32,940","31,499",95.63%,"31,499",1,2
Deca01,10/10/2016,MP2,"3,764",5113,2.3,0,28,ST,"12,000","11,548",96.23%,"11,548",1,2
Grew02,10/10/2016,ROCK,"3,750",5101,2.1,0,21,ST,"43,700","41,699",95.42%,"41,699",1,2
Grew02,10/10/2016,ROCK,"3,757",5111,2.6,0,20,ST,"41,340","39,260",94.97%,"39,260",1,2
Grew02,10/10/2016,ROCK,"3,762",5120,2.2,0,26,ST,"21,060","20,157",95.71%,"20,157",1,2
Hann03,10/10/2016,B5a,"3,741",5093,2,0,24,BL,"57,640","56,229",97.55%,"56,229",1,2
Hann03,10/10/2016,B5a,"3,743",5096,2.4,0,41,BL,"41,720","40,408",96.86%,"40,408",1,2
Medi01,10/10/2016,A1,"3,761",5118,2.55,0,23,SN,"15,940","15,466",97.02%,"15,466",1,2
Medi01,10/10/2016,A1,"3,761",5119,2.55,0,23,SN,"27,380","26,565",97.02%,"26,565",1,2
Norr02,10/10/2016,BS2,"3,745",5097,3.6,0,24,ST,"27,600","26,616",96.43%,"26,616",1,2
Norr02,10/10/2016,BS2,"3,755",5108,1.8,0,21,ST,"39,500","38,337",97.06%,"38,337",1,2
Norr02,10/10/2016,BS2,"3,758",5112,2.2,0,20,ST,"29,700","28,609",96.33%,"28,609",1,2
Norr02,10/10/2016,BS3,"3,760",5116,4.1,0,17,ST,"40,140","38,648",96.28%,"38,222",1,2
Norr02,10/10/2016,BS3,"3,760",5117,4.1,0,17,ST,"39,660","38,185",96.28%,"37,765",1,2
Pink01,10/10/2016,field,"3,747",5098,1.7,0,38,EB,"17,020","16,023",94.14%,"16,023",1,2
Pink01,10/10/2016,field,"3,754",5107,0.4,0,41,EB,"9,960","9,489",95.27%,"9,489",1,2
Reze01,10/10/2016,Lanz 1,"3,753",5106,2,0,20,ST,"45,820","44,553",97.23%,"44,553",1,2
Reze01,10/10/2016,Lanz 8,"3,759",5114,1.4,0,34,BL,"49,440","47,992",97.07%,"47,992",1,2
Reze01,10/10/2016,Lanz 8,"3,759",5115,1.4,0,34,BL,"8,280","8,037",97.07%,"8,037",1,2
Youn02,10/10/2016,4,"3,748",5099,0.7,0,40,EB,"20,760","19,870",95.71%,"19,870",1,2
Youn02,10/10/2016,4,"3,748",5110,0.7,0,40,EB,"7,100","6,795",95.71%,"6,795",1,2
CLPin1,10/11/2016,Middle,"3,772",5130,1.05,0,35,EB,"28,920","27,054",93.55%,"27,054",1,2
CLPin1,10/11/2016,Middle,"3,772",5133,1.05,0,35,EB,"18,080","16,914",93.55%,"16,914",1,2
Deca01,10/11/2016,MP3,"3,767",5124,14.2,0,31,ST,"19,880","17,281",86.93%,"15,346",1,2
Deca03,10/11/2016,ZPD,"3,774",5132,,,,PD,"2,540","2,377",93.58%,"2,377",1,2
DeMo01,10/11/2016,4,"3,779",5141,3.2,0,17,OS,"34,980","33,369",95.39%,"33,369",1,2
Hann01,10/11/2016,C 8,"3,771",5129,1,0,59,EB,"7,740","7,504",96.95%,"7,504",1,2
Hann01,10/11/2016,C19,"3,776",5136,0.9,0,33,ST,"58,780","57,209",97.33%,"57,209",1,2
Hann01,10/11/2016,C19,"3,776",5139,0.9,0,33,ST,"51,380","50,006",97.33%,"50,006",1,2
Hann01,10/11/2016,C19,"3,776",5143,0.9,0,33,ST,"10,960","10,667",97.33%,"10,667",1,2
Medi01,10/11/2016,A7,"3,773",5131,1.6,0,23,ST,"28,260","27,454",97.15%,"27,454",1,2
Medi01,10/11/2016,A7,"3,777",5138,2.1,0,23,ST,"4,240","4,190",98.82%,"4,190",1,2
Reze01,10/11/2016,Lanz 5,"3,765",5122,2.6,0,24,BL,"59,920","57,829",96.51%,"57,829",1,2
Reze01,10/11/2016,Lanz 5,"3,768",5125,1.8,0,33,BL,"50,240","48,633",96.80%,"48,633",1,2
Reze01,10/11/2016,Lanz 5,"3,768",5128,1.8,0,33,BL,"31,980","30,957",96.80%,"30,957",1,2
Reze01,10/11/2016,Lanz 2,"3,780",5142,1.5,2,26,ST,"59,660","57,999",97.22%,"57,709",1,2
Shur02,10/11/2016,1,"3,766",5123,1.5,0,31,MX,"22,340","19,901",89.08%,"19,901",1,2
Shur02,10/11/2016,1,"3,770",5127,2.1,0,33,MX,"19,620","17,324",88.30%,"17,324",1,2
Shur02,10/11/2016,1,"3,775",5135,0.4,0,33,MX,"22,840","20,699",90.63%,"20,699",1,2
Shur02,10/11/2016,1,"3,778",5140,2.4,0,33,MX,"19,420","17,223",88.69%,"17,223",1,2
Youn02,10/11/2016,1,"3,769",5126,1.3,0,38,BL,"20,540","19,522",95.04%,"19,522",1,2
Youn02,10/11/2016,1,"3,769",5134,1.3,0,38,BL,"21,540","20,472",95.04%,"20,472",1,2
Youn02,10/11/2016,1,"3,769",5137,1.3,0,38,BL,"11,120","10,569",95.04%,"10,569",1,2
CLPin1,10/12/2016,Middle,"3,782",5145,0.8,0,23,EB,"30,300","28,405",93.75%,"28,405",1,2
CLPin1,10/12/2016,Middle,"3,797",5166,1.5,0,41,EB,"30,840","29,599",95.98%,"29,599",1,2
CLPin1,10/12/2016,Middle,"3,797",5168,1.5,0,41,EB,"29,940","28,736",95.98%,"28,736",1,2
CLPin1,10/12/2016,Middle,"3,801",5172,1.5,0,37,EB,"22,620","21,554",95.29%,"21,554",1,2
Deca01,10/12/2016,MP3,"3,809",5154,8.3,0,40,ST,"45,480","39,866",87.66%,"37,753",1,2
Deca01,10/12/2016,MP3,"3,825",5150,12.5,0,32,ST,"42,880","35,858",83.63%,"32,452",1,2
Hann01,10/12/2016,C18,"3,784",5147,0.9,0,30,ST,"59,060","56,914",96.37%,"56,914",1,2
Hann01,10/12/2016,C18,"3,789",5151,2.1,0,22,ST,"51,120","49,429",96.69%,"49,429",1,2
Hann01,10/12/2016,C18,"3,789",5157,2.1,0,22,ST,"44,780","43,299",96.69%,"43,299",1,2
Hann01,10/12/2016,C18,"3,795",5164,1.8,0,26,ST,"53,980","52,080",96.48%,"52,080",1,2
Hann01,10/12/2016,C10,"3,799",5169,0.95,0,47,EB,"45,600","43,565",95.54%,"43,565",1,2
Hann01,10/12/2016,C10,"3,799",5171,0.95,0,47,EB,"52,620","50,271",95.54%,"50,271",1,2
Norr01,10/12/2016,A-12,"3,790",5156,0.3,0,29,MX,"39,620","37,392",94.38%,"37,392",1,2
Norr01,10/12/2016,A-12,"3,792",5160,1.2,0,22,MX,"41,360","38,968",94.22%,"38,968",1,2
Norr01,10/12/2016,A-12,"3,796",5165,2.4,0,23,MX,"5,880","5,639",95.90%,"5,639",1,2
Pink01,10/12/2016,CHER01,"3,793",5162,3.6,0,22,MX,"17,600","16,405",93.21%,"16,307",1,2
Reze01,10/12/2016,Lanz 2,"3,781",5144,2.1,0,24,ST,"31,734","30,306",95.50%,"30,306",1,2
Reze01,10/12/2016,Lanz 4,"3,786",5149,1.3,0,33,BL,"59,520","57,583",96.75%,"57,583",1,2
Reze01,10/12/2016,Lanz 4,"3,786",5155,1.3,0,33,BL,"49,900","48,276",96.75%,"48,276",1,2
Reze01,10/12/2016,Lanz 4,"3,786",5158,1.3,0,33,BL,"23,460","22,697",96.75%,"22,697",1,2
Reze01,10/12/2016,Lanz 4,"3,786",5161,1.3,0,33,BL,"58,920","57,002",96.75%,"57,002",1,2
Reze01,10/12/2016,Lanz 6,"3,800",5170,1.3,0,34,BL,"47,760","46,431",97.22%,"46,431",1,2
Shur02,10/12/2016,1,"3,783",5146,3.7,0,23,MX,"22,780","20,952",91.98%,"20,805",1,2
Shur02,10/12/2016,1,"3,785",5148,4.3,0,29,MX,"19,160","17,013",88.79%,"16,792",1,2
Shur02,10/12/2016,1,"3,788",5153,5.1,0,27,MX,"19,440","16,952",87.20%,"16,596",1,2
Smit02,10/12/2016,B-1,"3,787",5152,2.2,0,30,EB,"18,500","16,923",91.48%,"16,923",1,2
Smit02,10/12/2016,LSHAW,"3,794",5163,2.7,0,20,ST,"45,440","44,036",96.91%,"44,036",1,2
Youn02,10/12/2016,23,"3,791",5159,1,0,35,MX,"19,100","18,033",94.41%,"18,033",1,2
Youn02,10/12/2016,23,"3,798",5167,1.2,0,38,MX,"4,620","4,359",94.35%,"4,359",1,2
CLPaq1,10/13/2016,Tike 9,"3,810",5180,0.4,0,26,BL,"11,820","11,126",94.13%,"11,126",1,2
CLPaq1,10/13/2016,Tike 9,"3,813",5187,0.9,0,31,BL,"6,840","6,473",94.63%,"6,473",1,2
Deca01,10/13/2016,MP5,"3,814",5190,1.4,0,48,ST,"24,320","23,176",95.30%,"23,176",1,2
Deca01,10/13/2016,MP4,"3,817",5194,2.7,0,37,ST,"27,140","25,954",95.63%,"25,954",1,2
Deca01,10/13/2016,MP3,"3,825",5185,12.5,0,32,ST,"39,600","33,116",83.63%,"29,970",1,2
Deca03,10/13/2016,ZPD,"3,803",5174,,,,PD,"7,540","7,474",99.12%,"7,474",1,2
Deca03,10/13/2016,ZPD,"3,803",5186,,,,PD,"4,340","4,302",99.12%,"4,302",1,2
Hann01,10/13/2016,C 7,"3,804",5176,1.3,0,47,EB,"45,840","43,791",95.53%,"43,791",1,2
Hann01,10/13/2016,C17,"3,808",5179,1.18,0,33,ST,"58,740","56,825",96.74%,"56,825",1,2
Hann01,10/13/2016,C17,"3,808",5184,1.18,0,33,ST,"51,180","49,512",96.74%,"49,512",1,2
Hann01,10/13/2016,C17,"3,808",5188,1.18,0,33,ST,"59,180","57,251",96.74%,"57,251",1,2
Hann01,10/13/2016,C17,"3,808",5192,1.18,0,33,ST,"44,420","42,972",96.74%,"42,972",1,2
Hann01,10/13/2016,C17,"3,818",5195,1.3,0,36,ST,"45,720","44,468",97.26%,"44,468",1,2
Hann01,10/13/2016,C17,"3,818",5198,1.3,0,36,ST,"15,100","14,687",97.26%,"14,687",1,2
Norr01,10/13/2016,A-11,"3,805",5177,1.4,0,15,ST,"19,160","18,470",96.40%,"18,470",1,2
Norr01,10/13/2016,A-6,"3,816",5193,1,0,34,EB,"20,060","18,126",90.36%,"18,126",1,2
Reze01,10/13/2016,Lanz 6,"3,802",5173,1.35,0,32,BL,"23,400","22,642",96.76%,"22,642",1,2
Reze01,10/13/2016,Lanz 3,"3,807",5178,0.8,0,24,ST,"49,720","48,019",96.58%,"48,019",1,2
Reze01,10/13/2016,Lanz 3,"3,811",5181,1.7,0,25,ST,"62,760","60,017",95.63%,"60,017",1,2
Reze01,10/13/2016,Lanz 3,"3,811",5183,1.7,0,25,ST,"18,960","18,131",95.63%,"18,131",1,2
Reze01,10/13/2016,Lanz 3,"3,815",5191,2.4,0,22,ST,"25,060","23,935",95.51%,"23,935",1,2
Reze01,10/13/2016,Lanz 7,"3,819",5196,0.7,0,31,BL,"58,220","56,072",96.31%,"56,072",1,2
Shur02,10/13/2016,2,"3,812",5182,7.6,0,18,MX,"23,020","20,687",89.86%,"19,735",1,2
Shur02,10/13/2016,2,"3,812",5189,7.6,0,18,MX,"18,940","17,020",89.86%,"16,237",1,2
Shur02,10/13/2016,2,"3,820",5197,11.7,0,17,MX,"22,420","19,312",86.14%,"17,632",1,2
Smit02,10/13/2016,USHAW,"3,806",5175,2.2,0,22,ST,"49,860","45,266",90.79%,"45,266",1,2
Ashl05,10/14/2016,1,"3,828",5205,5.9,0,27,EB,"43,880","39,774",90.64%,"38,621",1,2
CLMil1,10/14/2016,S10,"3,821",5199,2.5,0,30,ST,"22,800","21,733",95.32%,"21,733",1,2
CLPaq1,10/14/2016,Tike 9,"3,834",5213,1.1,0,36,BL,"12,380","11,075",89.46%,"11,075",1,2
CLPaq1,10/14/2016,Tike 9,"3,843",5225,2.3,0,32,BL,"8,760","8,223",93.87%,"8,223",1,2
CLPin1,10/14/2016,Middle,"3,827",5206,7.8,0,42,EB,"30,400","28,409",93.45%,"27,045",1,2
CLPin1,10/14/2016,Middle,"3,831",5209,5.7,0,40,EB,"30,680","27,977",91.19%,"27,222",1,2
CLPin1,10/14/2016,Middle,"3,837",5216,2.5,0,40,EB,"31,800","28,811",90.60%,"28,811",1,2
CLPin1,10/14/2016,Middle,"3,837",5218,2.5,0,40,EB,"30,480","27,615",90.60%,"27,615",1,2
CLPin1,10/14/2016,Middle,"3,837",5220,2.5,0,40,EB,"30,940","28,032",90.60%,"28,032",1,2
CLPin1,10/14/2016,Middle,"3,845",5227,8.1,0,38,EB,"31,840","29,166",91.60%,"27,679",1,2
Gate02,10/14/2016,E1,"3,830",5208,3.2,0,26,ST,"53,480","51,083",95.52%,"51,083",1,2
Gate02,10/14/2016,E1,"3,830",5212,3.2,0,26,ST,"28,480","27,203",95.52%,"27,203",1,2
Gate02,10/14/2016,E1,"3,838",5219,3.2,0,26,ST,"51,940","50,640",97.50%,"50,640",1,2
Gate02,10/14/2016,E1,"3,841",5223,3.6,0,29,ST,"28,300","26,924",95.14%,"26,924",1,2
Hann01,10/14/2016,C15,"3,826",5204,0.7,0,52,BL,"58,360","56,471",96.76%,"56,471",1,2
Hann01,10/14/2016,C15,"3,833",5211,1,0,54,BL,"49,860","48,351",96.97%,"48,351",1,2
Hann01,10/14/2016,C15,"3,839",5221,0.3,0,57,BL,"59,360","57,543",96.94%,"57,543",1,2
Hann01,10/14/2016,C15,"3,842",5224,0.7,0,52,BL,"44,540","43,252",97.11%,"43,252",1,2
Hann01,10/14/2016,C15,"3,846",5228,1,0,52,BL,"49,500","48,035",97.04%,"48,035",1,2
Norr01,10/14/2016,A-7,"3,832",5210,0.4,0,41,MX,"42,460","40,624",95.68%,"40,624",1,2
Norr01,10/14/2016,A-7,"3,835",5214,0.9,0,35,MX,"24,020","23,192",96.55%,"23,192",1,2
Paqu04,10/14/2016,LP3,"3,822",5200,3.4,0,34,EB,"28,720","27,496",95.74%,"27,496",1,2
Paqu04,10/14/2016,LP3,"3,829",5207,2.8,0,33,EB,"7,280","6,706",92.12%,"6,706",1,2
Reze01,10/14/2016,Lanz 7,"3,823",5201,2.8,0,38,BL,"50,980","49,581",97.26%,"49,581",1,2
Reze01,10/14/2016,Lyon 4,"3,836",5215,2.2,0,38,ST,"58,120","55,511",95.51%,"55,511",1,2
Reze01,10/14/2016,Lyon 4,"3,840",5222,0.7,0,25,ST,"48,840","47,926",98.13%,"47,926",1,2
Reze01,10/14/2016,Lyon 4,"3,844",5226,2.9,0,27,ST,"19,160","18,376",95.91%,"18,376",1,2
Shur02,10/14/2016,2,"3,824",5202,6.1,0,17,MX,"18,900","16,829",89.04%,"16,307",1,2
Shur02,10/14/2016,2,"3,824",5203,6.1,0,17,MX,"21,020","18,717",89.04%,"18,137",1,2
Smit02,10/14/2016,HIGH2,"3,847",5229,7.2,0,26,ST,"49,900","47,793",95.78%,"45,881",1,2
Smit02,10/14/2016,HIGH2,"3,848",5217,4.8,0,33,ST,"51,780","45,929",88.70%,"45,102",1,2
Cham01,10/15/2016,big,"3,865",5249,6.7,0,25,ST,"25,560","24,641",96.40%,"23,729",1,2
Cham01,10/15/2016,big,"3,873",5264,2.2,0,29,ST,"20,240","19,557",96.63%,"19,557",1,2
CLPin1,10/15/2016,Middle,"3,849",5230,5.35,0,40,EB,"30,020","28,013",93.31%,"27,355",1,2
CLPin1,10/15/2016,Middle,"3,853",5235,4.85,0,42,EB,"30,800","28,695",93.16%,"28,164",1,2
CLPin1,10/15/2016,Middle,"3,853",5240,4.85,0,42,EB,"20,960","19,527",93.16%,"19,166",1,2
Deca01,10/15/2016,Merry3,"3,871",5260,1.9,0,35,HO,"43,520","41,164",94.59%,"41,164",1,2
Deca01,10/15/2016,Merry3,"3,871",5262,1.9,0,35,HO,"6,100","5,770",94.59%,"5,770",1,2
Gate02,10/15/2016,E1,"3,851",5232,2.5,0,26,ST,"52,180","50,456",96.70%,"50,456",1,2
Gate02,10/15/2016,E1,"3,852",5233,2.5,0,28,ST,"27,720","26,754",96.52%,"26,754",1,2
Gate02,10/15/2016,E1,"3,860",5243,2.3,0,28,ST,"41,580","40,115",96.48%,"40,115",1,2
Gate02,10/15/2016,E2,"3,868",5255,2.6,0,30,ST,"28,580","27,151",95.00%,"27,151",1,2
Gate02,10/15/2016,E2,"3,870",5259,4.2,0,34,ST,"53,860","50,958",94.61%,"50,958",1,2
Grew02,10/15/2016,ROCK,"3,859",5242,4.8,0,20,EB,"47,460","44,435",93.63%,"44,435",1,2
Hann01,10/15/2016,C15,"3,850",5231,1.95,0,47,BL,"59,880","58,258",97.29%,"58,258",1,2
Hann01,10/15/2016,C15,"3,850",5234,1.95,0,47,BL,"9,380","9,126",97.29%,"9,126",1,2
Hann01,10/15/2016,C16,"3,858",5241,1.6,0,47,BL,"50,720","48,817",96.25%,"48,817",1,2
Hann01,10/15/2016,C16,"3,863",5246,1.3,0,47,BL,"52,900","51,349",97.07%,"51,349",1,2
Hann01,10/15/2016,C16,"3,863",5250,1.3,0,47,BL,"60,300","58,532",97.07%,"58,532",1,2
Hann01,10/15/2016,C16,"3,863",5254,1.3,0,47,BL,"50,760","49,272",97.07%,"49,272",1,2
Hann01,10/15/2016,C16,"3,863",5258,1.3,0,47,BL,"61,280","59,483",97.07%,"59,483",1,2
Hann01,10/15/2016,C16,"3,863",5261,1.3,0,47,BL,"19,080","18,521",97.07%,"18,521",1,2
Henr03,10/15/2016,COLLIN,"3,857",5238,1.3,0,53,OE,"1,700","1,793",105.47%,"1,793",1,2
Norr01,10/15/2016,B-3,"3,861",5244,3.5,0,17,ST,"40,480","36,697",90.65%,"36,514",1,2
Norr01,10/15/2016,B-3,"3,867",5253,1.25,0,30,ST,"40,760","39,440",96.76%,"39,440",1,2
Norr01,10/15/2016,B-3,"3,867",5256,1.25,0,30,ST,"32,680","31,622",96.76%,"31,622",1,2
Padu01,10/15/2016,Rock#7,"3,866",5251,2.9,0,22,ST,"15,720","14,711",93.58%,"14,711",1,2
Padu01,10/15/2016,Rock#4,"3,872",5263,2.1,0,23,ST,"14,420","13,354",92.61%,"13,354",1,2
Perr03,10/15/2016,2,"3,854",5236,1.1,0,24,BL,"23,220","22,023",94.84%,"22,023",1,2
Pink01,10/15/2016,CHER02,"3,856",5239,3.5,0,17,HO,"16,680","15,662",93.90%,"15,584",1,2
Pink01,10/15/2016,CHER03,"3,862",5245,2.9,0,47,HO,"12,740","12,153",95.39%,"12,153",1,2
Reze01,10/15/2016,Lyon 3,"3,855",5237,1.1,0,23,ST,"61,220","57,741",94.32%,"57,741",1,2
Reze01,10/15/2016,Lyon 3,"3,864",5247,2.9,0,22,ST,"48,600","45,963",94.57%,"45,963",1,2
Reze01,10/15/2016,Lyon 3,"3,864",5248,2.9,0,22,ST,"25,000","23,643",94.57%,"23,643",1,2
Reze01,10/15/2016,Lyon 3,"3,869",5257,2.7,0,27,ST,"36,160","33,975",93.96%,"33,975",1,2
Smit02,10/15/2016,HIGH3,"3,874",5252,4.3,0,27,ST,"35,420","33,792",95.40%,"33,353",1,2
Beat01,10/17/2016,Lowspl,"3,883",5276,6,0,33,HO,"29,700","25,685",86.48%,"24,914",1,2
Deca01,10/17/2016,Merry2,"3,943",5269,1.5,0,24,HO,"39,960","38,363",96.00%,"38,363",1,2
Gate02,10/17/2016,E2,"3,878",5270,5.7,0,23,ST,"50,060","48,587",97.06%,"47,275",1,2
Gate02,10/17/2016,E2,"3,882",5275,5,0,38,ST,"28,380","27,131",95.60%,"27,131",1,2
Gate02,10/17/2016,E5a,"3,892",5286,7.4,0,19,ST,"53,140","50,761",95.52%,"48,528",1,2
Gate02,10/17/2016,E5a,"3,894",5290,5.3,0,19,ST,"25,740","24,414",94.85%,"24,414",1,2
Gate02,10/17/2016,E4a,"3,903",5300,8.8,0,20,HO,"55,260","50,880",92.07%,"47,929",1,2
Gate02,10/17/2016,E4a,"3,907",5306,4.1,0,20,HO,"29,440","26,692",90.67%,"26,692",1,2
Hamb01,10/17/2016,MH EB,"3,877",5268,6.8,0,48,EB,"9,840","9,279",94.30%,"8,926",1,2
Hann01,10/17/2016,C14,"3,875",5265,2.6,0,68,EB,"50,640","49,190",97.14%,"49,190",1,2
Hann01,10/17/2016,C 9,"3,876",5266,1.8,0,51,EB,"61,220","59,139",96.60%,"59,139",1,2
Hann01,10/17/2016,C 9,"3,876",5267,1.8,0,51,EB,"25,960","25,078",96.60%,"25,078",1,2
Hann01,10/17/2016,C 6,"3,884",5278,3.1,0,61,EB,"52,340","50,228",95.96%,"50,178",1,2
Hann01,10/17/2016,C13,"3,888",5281,2.8,0,45,EB,"61,960","59,344",95.78%,"59,344",1,2
Hann01,10/17/2016,C13,"3,893",5287,2,0,45,EB,"7,780","7,471",96.03%,"7,471",1,2
Hann01,10/17/2016,C12,"3,899",5293,2.7,0,45,HO,"41,680","40,269",96.61%,"40,269",1,2
Hann01,10/17/2016,C11,"3,904",5302,2.1,0,25,HO,"62,020","60,022",96.78%,"60,022",1,2
Hann01,10/17/2016,C14,"3,905",5303,2.4,0,55,EB,"46,140","44,753",96.99%,"44,753",1,2
Hann01,10/17/2016,C 6,"3,908",5307,6.3,0,47,EB,"41,680","39,552",94.89%,"38,365",1,2
Harj01,10/17/2016,BYR 12,"3,897",5291,3.9,0,26,ST,"50,880","48,433",95.19%,"48,433",1,2
Harj01,10/17/2016,BYR 12,"3,897",5294,3.9,0,26,ST,"48,860","46,510",95.19%,"46,510",1,2
Harj01,10/17/2016,BYR 12,"3,897",5299,3.9,0,26,ST,"45,620","43,426",95.19%,"43,426",1,2
Norr01,10/17/2016,B-5,"3,879",5271,5.7,0,24,ST,"40,440","39,009",96.46%,"37,956",1,2
Norr01,10/17/2016,B-5,"3,881",5272,3.95,0,27,ST,"38,920","37,779",97.07%,"37,779",1,2
Norr01,10/17/2016,B-5,"3,881",5273,3.95,0,27,ST,"29,280","28,421",97.07%,"28,421",1,2
Norr01,10/17/2016,B-5,"3,891",5285,0.3,0,30,ST,"37,600","36,667",97.52%,"36,667",1,2
Norr01,10/17/2016,B-5,"3,896",5289,3.9,0,36,ST,"28,140","27,283",96.95%,"27,283",1,2
Norr01,10/17/2016,B-4,"3,898",5292,2,0,31,ST,"39,900","38,463",96.40%,"38,463",1,2
Norr01,10/17/2016,B-4,"3,902",5298,1,0,29,ST,"38,480","37,374",97.12%,"37,374",1,2
Norr01,10/17/2016,B-4,"3,902",5301,1,0,29,ST,"41,720","40,520",97.12%,"40,520",1,2
Norr01,10/17/2016,B-5,"3,906",5304,1.1,0,25,ST,"29,540","28,291",95.77%,"28,291",1,2
Padu01,10/17/2016,Rock#7,"3,890",5284,4.2,0,22,ST,"5,880","5,617",95.53%,"5,550",1,2
Paqu04,10/17/2016,LP2,"3,880",5274,4.3,0,34,EB,"18,560","18,005",97.01%,"17,771",1,2
Paqu04,10/17/2016,LP2,"3,889",5282,4.9,0,46,EB,"20,380","18,972",93.09%,"18,612",1,2
Reze01,10/17/2016,Lyon 2,"3,887",5280,4.1,0,20,ST,"57,900","54,957",94.92%,"54,352",1,2
Reze01,10/17/2016,Lyon 2,"3,887",5283,4.1,0,20,ST,"47,920","45,484",94.92%,"44,984",1,2
Reze01,10/17/2016,Lyon 2,"3,900",5295,2.9,3,40,ST,"25,200","23,504",93.27%,"22,822",1,2
Reze01,10/17/2016,Lyon 2,"3,900",5296,2.9,3,40,ST,"11,960","11,155",93.27%,"10,832",1,2
Shur02,10/17/2016,3,"3,886",5279,5.2,0,29,MX,"23,720","21,889",92.28%,"21,407",1,2
Shur02,10/17/2016,3,"3,895",5288,7.4,0,28,MX,"19,740","18,290",92.65%,"17,485",1,2
Shur02,10/17/2016,3,"3,901",5297,3.7,0,33,MX,"22,860","21,423",93.71%,"21,273",1,2
Smit02,10/17/2016,2-Mar,"3,942",5305,6.4,0,33,ST,"43,380","40,075",92.38%,"38,712",1,2
West04,10/17/2016,Bog#3,"3,885",5277,1.3,0,34,BL,"11,420","10,800",94.57%,"10,800",1,2
Deca01,10/18/2016,Merry2,"4,001",5325,2,0,25,HO,"37,220","35,271",94.76%,"35,271",1,2
Deca01,10/18/2016,Merry2,"4,001",5337,2,0,25,HO,"32,800","31,082",94.76%,"31,082",1,2
Deca03,10/18/2016,ZPD,"3,913",5312,,,,PD,"12,460","12,113",97.22%,"12,113",1,2
Gate02,10/18/2016,E4a,"3,918",5317,9.1,0,23,HO,"56,300","52,612",93.45%,"49,403",1,2
Gate02,10/18/2016,E4a,"3,918",5319,9.1,0,23,HO,"29,880","27,923",93.45%,"26,220",1,2
Gate02,10/18/2016,E3,"3,938",5340,17.86,0,17,HO,"55,040","49,333",89.63%,"42,002",1,2
Gate02,10/18/2016,E3,"3,938",5341,17.86,0,17,HO,"6,320","5,665",89.63%,"4,823",1,2
Hann01,10/18/2016,C11,"3,912",5311,1.1,0,27,HO,"55,000","52,973",96.31%,"52,973",1,2
Hann01,10/18/2016,C 5,"3,921",5321,3,0,67,EB,"48,640","46,281",95.15%,"46,281",1,2
Hann01,10/18/2016,C 4,"3,923",5323,2.9,0,23,HO,"18,460","17,738",96.09%,"17,738",1,2
Hann01,10/18/2016,C 1,"3,933",5334,3.1,0,26,HO,"54,720","52,464",95.88%,"52,412",1,2
Hann01,10/18/2016,C 4,"3,937",5339,3,0,35,HO,"45,480","43,710",96.11%,"43,710",1,2
Hann01,10/18/2016,C 2,"3,941",5345,4.82,0,36,HO,"35,420","34,114",96.31%,"33,493",1,2
Harj01,10/18/2016,BYR 12,"3,914",5313,2,0,28,ST,"51,500","48,793",94.74%,"48,793",1,2
Harj01,10/18/2016,BYR 13,"3,915",5314,3.5,0,31,ST,"48,780","46,213",94.74%,"46,213",1,2
Harj01,10/18/2016,BYR 14,"3,925",5326,3,0,30,ST,"45,000","42,414",94.25%,"42,414",1,2
Harj01,10/18/2016,BYR 13,"3,927",5328,7.1,0,32,ST,"43,240","41,177",95.23%,"39,489",1,2
Harj01,10/18/2016,BYR 14,"3,931",5332,6.03,0,29,ST,"51,060","48,881",95.73%,"47,400",1,2
Harj01,10/18/2016,BYRN11,"3,940",5343,4.2,0,38,ST,"47,840","45,082",94.24%,"45,082",1,2
Harj01,10/18/2016,BYRN11,"3,940",5344,4.2,0,38,ST,"45,120","42,519",94.24%,"42,519",1,2
John04,10/18/2016,Fos04,"3,935",5336,3.1,0,37,ST,"62,780","60,597",96.52%,"60,536",1,2
John04,10/18/2016,Fos04,"3,936",5338,2.22,0,47,ST,"40,720","38,936",95.62%,"38,936",1,2
Norr01,10/18/2016,B-2,"3,919",5318,2.9,0,28,ST,"26,960","25,719",95.40%,"25,719",1,2
Norr01,10/18/2016,B-3,"3,920",5320,2.3,0,39,ST,"39,240","37,737",96.17%,"37,737",1,2
Norr01,10/18/2016,B-2,"3,929",5330,4.5,0,40,ST,"40,300","38,841",96.38%,"38,258",1,2
Norr01,10/18/2016,B-3,"3,932",5333,1.6,0,37,ST,"16,860","16,237",96.30%,"16,237",1,2
Paqu03,10/18/2016,COL2AC,"3,911",5310,10.5,0,42,EB,"4,800","4,222",87.96%,"3,905",1,2
Paqu04,10/18/2016,LP5,"3,910",5309,2.5,0,29,ST,"29,300","28,587",97.57%,"28,587",1,2
Paqu04,10/18/2016,LP5,"3,939",5342,3.26,0,27,ST,"29,920","29,330",98.03%,"29,330",1,2
Pink01,10/18/2016,Canal,"3,916",5315,6.8,0,24,HO,"17,720","16,468",92.93%,"15,842",1,2
Pink01,10/18/2016,Swamp,"3,934",5335,4.1,0,17,HO,"13,440","12,360",91.96%,"12,224",1,2
Reze01,10/18/2016,Lyon 1,"3,922",5322,4.7,0,25,ST,"59,500","56,917",95.66%,"55,949",1,2
Reze01,10/18/2016,Lyon 1,"3,930",5331,1.8,0,32,ST,"51,700","49,288",95.33%,"49,288",1,2
Shur02,10/18/2016,3,"3,917",5316,6.2,0,29,MX,"19,060","17,720",92.97%,"17,153",1,2
Shur02,10/18/2016,3,"3,928",5329,4.5,0,26,MX,"17,320","15,995",92.35%,"15,755",1,2
Smit02,10/18/2016,4-Mar,"3,926",5327,3.7,0,36,ST,"51,840","49,822",96.11%,"49,822",1,2
Smit02,10/18/2016,4-Mar,"3,971",5346,2.5,0,28,ST,"42,600","40,168",94.29%,"40,168",1,2
Wain03,10/18/2016,2,"3,909",5308,4.4,0,21,ST,"44,540","42,154",94.64%,"42,154",1,2
Wain03,10/18/2016,2,"3,924",5324,3.2,0,33,ST,"48,440","46,182",95.34%,"46,182",1,2
Alle02,10/19/2016,C-1,"3,953",5360,2.8,0,37,EB,"50,760","48,742",96.02%,"48,742",1,2
Alle02,10/19/2016,C-3,"3,956",5363,2.81,0,31,ST,"28,400","27,298",96.12%,"27,298",1,2
Alle02,10/19/2016,C-3,"3,961",5371,3.8,0,33,ST,"51,480","48,582",94.37%,"48,582",1,2
Alle02,10/19/2016,C-3,"3,961",5374,3.8,0,33,ST,"28,040","26,461",94.37%,"26,461",1,2
Deca01,10/19/2016,STU5,"4,034",5356,3.9,0,35,ST,"24,200","22,125",91.43%,"22,125",1,2
Deca03,10/19/2016,ZPD,"3,945",5352,,,,PD,"7,240","6,973",96.31%,"6,973",1,2
Deca03,10/19/2016,ZPD,"3,945",5370,,,,PD,"2,120","2,042",96.31%,"2,042",1,2
Deca03,10/19/2016,ZPD,"3,945",5380,,,,PD,"2,340","2,254",96.31%,"2,254",1,2
Dvor01,10/19/2016,High 4,"3,957",5364,0.3,0,59,EB,"13,320","12,482",93.71%,"12,482",1,2
Fiel05,10/19/2016,ST,"3,947",5349,2.7,0,32,OS,"14,280","13,441",94.12%,"13,441",1,2
Hann01,10/19/2016,C 3,"3,946",5348,2.4,0,42,HO,"44,440","42,581",95.82%,"42,581",1,2
Hann03,10/19/2016,MEL A1,"3,955",5362,2.55,0,38,ST,"61,600","59,104",95.95%,"59,104",1,2
Hann03,10/19/2016,MEL A1,"3,955",5367,2.55,0,38,ST,"14,340","13,759",95.95%,"13,759",1,2
Hann03,10/19/2016,MEL A1,"3,970",5382,2,0,40,ST,"59,540","56,030",94.11%,"56,030",1,2
Hann03,10/19/2016,MEL A1,"3,970",5384,2,0,40,ST,"53,460","50,309",94.11%,"50,309",1,2
Harj01,10/19/2016,BYRN11,"3,948",5350,2.05,0,38,ST,"51,500","48,836",94.83%,"48,836",1,2
Harj01,10/19/2016,BYRN11,"3,948",5353,2.05,0,38,ST,"44,300","42,008",94.83%,"42,008",1,2
Harj01,10/19/2016,BYRN10,"3,954",5361,2.23,0,30,ST,"45,280","42,748",94.41%,"42,748",1,2
Harj01,10/19/2016,BYRN10,"3,954",5365,2.23,0,30,ST,"51,140","48,280",94.41%,"48,280",1,2
Harj01,10/19/2016,BYRN10,"3,963",5373,1.6,0,29,ST,"48,380","45,828",94.73%,"45,828",1,2
Harj01,10/19/2016,BYRNE9,"3,965",5376,4.89,0,26,ST,"44,420","41,021",92.35%,"40,246",1,2
Harj01,10/19/2016,BYRNE9,"3,969",5381,3.9,0,23,ST,"51,000","48,032",94.18%,"48,032",1,2
Harj01,10/19/2016,BYRNE9,"3,969",5383,3.9,0,23,ST,"44,520","41,929",94.18%,"41,929",1,2
Henr03,10/19/2016,COLLIN,"3,951",5355,1.87,0,60,OE,"1,900","1,931",101.63%,"1,931",1,2
John04,10/19/2016,Fos04,"3,944",5347,1.1,0,34,ST,"29,840","28,621",95.91%,"28,621",1,2
John04,10/19/2016,Fos04,"3,950",5354,2.6,0,34,ST,"44,280","41,924",94.68%,"41,924",1,2
John04,10/19/2016,Fos04,"3,950",5359,2.6,0,34,ST,"23,340","22,098",94.68%,"22,098",1,2
Norr01,10/19/2016,A-9,"3,949",5351,2.6,0,33,HO,"41,320","39,766",96.24%,"39,766",1,2
Norr01,10/19/2016,A-9,"3,949",5357,2.6,0,33,HO,"23,040","22,174",96.24%,"22,174",1,2
Norr01,10/19/2016,B-0,"3,960",5368,5.1,0,30,ST,"39,320","37,836",96.23%,"37,041",1,2
Norr01,10/19/2016,B-1,"3,964",5375,3.32,0,36,ST,"40,300","38,453",95.42%,"38,453",1,2
Norr01,10/19/2016,B-1,"3,968",5379,4.9,0,35,ST,"8,040","7,543",93.82%,"7,400",1,2
Reze01,10/19/2016,Ell 7,"3,962",5372,3.4,0,28,ST,"58,540","54,952",93.87%,"54,732",1,2
Reze01,10/19/2016,Ell 7,"3,967",5378,3.5,0,26,ST,"30,160","28,464",94.38%,"28,322",1,2
Ross02,10/19/2016,LS New,"3,966",5377,2,0,33,ST,"36,780","34,922",94.95%,"34,922",1,2
Shur02,10/19/2016,4,"3,952",5358,4.47,0,26,HO,"23,520","20,807",88.47%,"20,501",1,2
Shur02,10/19/2016,4,"3,958",5366,4.3,0,27,HO,"17,060","14,960",87.69%,"14,766",1,2
Wain03,10/19/2016,#1,"3,959",5369,2.51,0,34,ST,"40,020","38,155",95.34%,"38,155",1,2
Alle02,10/20/2016,C-7,"3,972",5385,4.89,0,27,ST,"51,700","49,977",96.67%,"49,977",1,2
Alle02,10/20/2016,C-5,"3,991",5407,0.6,0,38,MX,"53,360","50,104",93.90%,"50,104",1,2
Chan01,10/20/2016,1,"3,985",5400,16.2,0,30,ST,"30,640","26,805",87.48%,"23,267",1,2
Chan01,10/20/2016,CHAN#2,"4,000",5417,13.4,0,31,ST,"30,500","26,909",88.23%,"24,110",1,2
CLWil1,10/20/2016,Field1,"3,979",5393,4,0,29,ST,"31,040","29,716",95.73%,"29,419",1,2
CLWil1,10/20/2016,Field1,"3,982",5396,5,0,40,ST,"27,080","25,525",94.26%,"25,015",1,2
CLWil1,10/20/2016,Field1,"3,986",5401,6,0,24,ST,"19,740","18,771",95.09%,"18,208",1,2
Deca03,10/20/2016,ZPD,"3,983",5398,,,,PD,"12,500","12,358",98.86%,"12,358",1,2
Deca03,10/20/2016,ZPD,"3,983",5406,,,,PD,"6,560","6,485",98.86%,"6,485",1,2
Deca03,10/20/2016,ZPD,"3,983",5415,,,,PD,"4,720","4,666",98.86%,"4,666",1,2
Deca03,10/20/2016,ZPD,"3,983",5418,,,,PD,"6,080","6,011",98.86%,"6,011",1,2
Dvor01,10/20/2016,High 4,"3,980",5394,2,0,67,EB,"8,040","7,658",95.25%,"7,658",1,2
Fiel05,10/20/2016,ST,"3,947",5386,2.7,0,32,OS,"8,760","8,245",94.12%,"8,245",1,2
Fiel05,10/20/2016,ST,"3,947",5397,2.7,0,32,OS,"5,860","5,516",94.12%,"5,516",1,2
Fiel05,10/20/2016,EB,"3,992",5408,,,,OS,"8,540","7,806",91.41%,"7,806",1,2
Hann01,10/20/2016,D2,"3,997",5413,0.6,0,47,ST,"61,460","59,094",96.15%,"59,094",1,2
Hann03,10/20/2016,MEL A3,"3,978",5392,2,0,44,ST,"45,920","43,282",94.26%,"43,282",1,2
Hann03,10/20/2016,MEL A3,"3,995",5411,3.5,0,34,ST,"48,740","46,237",94.86%,"46,006",1,2
Harj01,10/20/2016,BYRNE8,"3,974",5388,2.14,0,26,ST,"45,680","43,404",95.02%,"43,404",1,2
Harj01,10/20/2016,BYRNE8,"3,975",5389,0.3,0,21,ST,"48,120","44,833",93.17%,"44,833",1,2
Harj01,10/20/2016,BYRNE7,"3,984",5399,2.4,0,31,ST,"52,060","49,431",94.95%,"49,431",1,2
Harj01,10/20/2016,BYRNE7,"3,989",5404,1.6,0,34,ST,"49,920","47,435",95.02%,"47,435",1,2
John04,10/20/2016,Fos05,"3,990",5405,2.6,0,42,ST,"37,140","35,442",95.43%,"35,442",1,2
John04,10/20/2016,Fos05,"3,996",5412,3,0,45,ST,"57,120","54,925",96.16%,"54,925",1,2
John04,10/20/2016,Fos05,"3,999",5416,5,0,31,ST,"28,520","27,045",94.83%,"27,045",1,2
Norr01,10/20/2016,B-0,"3,973",5387,2.7,0,28,ST,"31,420","30,620",97.45%,"30,620",1,2
Padu01,10/20/2016,Rock#3,"3,976",5390,6,0,22,ST,"16,680","15,301",91.73%,"14,842",1,2
Padu01,10/20/2016,Rock#3,"3,988",5403,8,0,22,ST,"38,920","34,396",88.38%,"32,676",1,2
Padu01,10/20/2016,Rock#3,"3,993",5409,4,0,22,ST,"16,580","14,798",89.25%,"14,650",1,2
Pink01,10/20/2016,Mil#2,"3,994",5410,9,0,31,ST,"17,680","15,445",87.36%,"14,518",1,2
Reze01,10/20/2016,Ell 6,"3,981",5395,4,0,23,ST,"62,640","59,475",94.95%,"58,880",1,2
Reze01,10/20/2016,Ell 6,"3,987",5402,2,0,25,ST,"49,400","46,838",94.81%,"46,838",1,2
Reze01,10/20/2016,Ell 5,"3,998",5414,4,0,38,ST,"60,740","57,162",94.11%,"56,590",1,2
Ross02,10/20/2016,LS New,"3,977",5391,6,0,42,ST,"37,400","35,225",94.18%,"35,225",1,2
Alle02,10/21/2016,C-5,"4,005",5422,3.1,0,45,EB,"50,800","47,746",93.99%,"47,746",1,2
Alle02,10/21/2016,C-8,"4,017",5437,0.5,0,37,HO,"37,960","35,244",92.85%,"35,244",1,2
Alle02,10/21/2016,C-4,"4,023",5444,1.2,0,27,HO,"53,760","50,449",93.84%,"50,449",1,2
Deca03,10/21/2016,ZPD,"3,983",5429,,,,PD,"2,500","2,472",98.86%,"2,472",1,2
Deca03,10/21/2016,ZPD,"3,983",5432,,,,PD,"1,220","1,206",98.86%,"1,206",1,2
Deca03,10/21/2016,OuO,"4,021",5441,3.7,0,34,OS,"5,400","5,380",99.63%,"5,342",1,2
Deca03,10/21/2016,ZPD,"4,024",5445,,,,PD,"8,020","7,968",99.35%,"7,968",1,2
Hann01,10/21/2016,D2,"4,004",5421,0.5,0,49,ST,"35,160","33,265",94.61%,"33,265",1,2
Hann01,10/21/2016,D-11,"4,016",5436,2.5,0,37,MX,"61,620","59,364",96.34%,"59,364",1,2
Hann01,10/21/2016,D-11,"4,016",5438,2.5,0,37,MX,"17,220","16,589",96.34%,"16,589",1,2
Hann01,10/21/2016,D12,"4,020",5442,1.5,0,43,HO,"48,900","46,126",94.33%,"46,126",1,2
Harj01,10/21/2016,BYRNE5,"4,008",5425,4.25,0,42,ST,"50,860","47,282",92.97%,"47,282",1,2
Harj01,10/21/2016,BYRNE5,"4,008",5428,4.25,0,42,ST,"48,540","45,126",92.97%,"45,126",1,2
Harj01,10/21/2016,BYRNE7,"4,010",5427,3,0,31,ST,"43,840","41,625",94.95%,"41,625",1,2
Harj01,10/21/2016,BYRNE5,"4,019",5440,4.3,0,24,ST,"32,340","29,936",92.57%,"29,936",1,2
Padu01,10/21/2016,Rock#3,"4,002",5419,2.7,0,26,ST,"15,840","12,689",80.11%,"12,689",1,2
Padu01,10/21/2016,Rock#3,"4,012",5431,5.1,0,35,ST,"16,360","14,368",87.82%,"14,066",1,2
Padu01,10/21/2016,Rock#3,"4,018",5439,3.8,0,28,ST,"17,020","14,789",86.89%,"14,671",1,2
Padu01,10/21/2016,Rock#3,"4,026",5447,2.6,0,28,MX,"4,100","3,592",87.61%,"3,592",1,2
Paqu04,10/21/2016,LP6,"4,006",5423,5.5,0,32,ST,"22,540","21,204",94.07%,"20,674",1,2
Paqu04,10/21/2016,LP6,"4,011",5430,4,0,23,ST,"22,220","20,833",93.76%,"20,625",1,2
Pink01,10/21/2016,Mil#2,"4,009",5426,2.1,0,35,ST,"11,400","10,379",91.04%,"10,379",1,2
Pink01,10/21/2016,Mil#2,"4,014",5434,2.3,0,31,ST,"16,560","14,629",88.34%,"14,629",1,2
Reze01,10/21/2016,Ell 5,"4,007",5424,1.1,0,38,ST,"27,080","25,827",95.37%,"25,827",1,2
Reze01,10/21/2016,Ell 5,"4,013",5433,3,0,45,ST,"27,300","26,160",95.82%,"26,160",1,2
Reze01,10/21/2016,Ell 1,"4,015",5435,1.3,0,28,HO,"60,280","56,909",94.41%,"56,909",1,2
Reze01,10/21/2016,Ell 2,"4,022",5443,3.1,0,35,HO,"24,900","23,639",94.94%,"23,615",1,2
Rint01,10/21/2016,A-5,"4,003",5420,3.9,0,43,HO,"32,020","29,046",90.71%,"28,785",1,2
Ward01,10/21/2016,EarlyB,"4,025",5446,3.6,0,72,EB,"33,540","30,769",91.74%,"30,769",1,2
Alle02,10/22/2016,C-4,"4,028",5450,0.5,0,26,HO,"34,240","32,539",95.03%,"32,539",1,2
Dave01,10/22/2016,Mix,,,,,,MX,,,,,1,2
Dvor01,10/22/2016,High 1,"4,030",5452,1.1,0,45,EB,"14,140","13,123",92.81%,"13,123",1,2
Dvor01,10/22/2016,High 1,"4,033",5455,1.3,0,38,EB,"6,900","6,379",92.45%,"6,379",1,2
Mere01,10/22/2016,Adrein,"4,031",5453,0.72,0,29,ST,"49,200","46,025",93.55%,"46,025",1,2
Mere01,10/22/2016,Adrein,"4,032",5454,2.3,0,35,ST,"49,960","46,817",93.71%,"46,817",1,2
Mere01,10/22/2016,Adrein,"4,032",5456,2.3,0,35,ST,"38,880","36,434",93.71%,"36,434",1,2
Reze01,10/22/2016,Ell 2,"4,029",5451,4.44,0,26,HO,"50,380","47,403",94.09%,"46,720",1,2
Ross02,10/22/2016,LS Old,"4,027",5448,4.78,0,42,HO,"11,340","10,792",95.17%,"10,600",1,2
Ross02,10/22/2016,LS Old,"4,027",5449,4.78,0,42,HO,"36,140","34,394",95.17%,"33,782",1,2
Arau01,10/24/2016,SQUANT,"4,041",5468,2.2,0,47,OS,"13,140","12,851",97.80%,"12,851",1,2
Beat01,10/24/2016,Upspl,"4,061",5490,2,0,38,HO,"7,120","6,150",86.38%,"6,150",1,2
Cako01,10/24/2016,Factor,"4,063",5493,3,0,72,OE,"26,000","22,884",88.02%,"22,884",1,2
CLPaq1,10/24/2016,Tike 9,"4,040",5467,3.7,0,35,BL,"13,500","12,243",90.69%,"12,157",1,2
CLPaq1,10/24/2016,Tike 9,"4,049",5477,1.8,0,47,BL,"13,140","12,363",94.09%,"12,363",1,2
CLPaq1,10/24/2016,Tike 9,"4,056",5485,1.3,0,41,BL,"8,040","7,525",93.59%,"7,525",1,2
Dave01,10/24/2016,Mix,,,,,,MX,,,,,1,2
Deca01,10/24/2016,STU4,"4,038",5463,5.2,0,60,MX,"43,500","41,412",95.20%,"41,412",1,2
Deca01,10/24/2016,STU4,"4,038",5464,5.2,0,60,MX,"40,100","38,176",95.20%,"38,176",1,2
Deca01,10/24/2016,STU4,"4,051",5479,3.3,0,57,MX,"45,380","42,514",93.68%,"42,514",1,2
Deca01,10/24/2016,STU4,"4,057",5486,2.8,0,72,MX,"44,640","40,809",91.42%,"40,809",1,2
Deca03,10/24/2016,ZPD,"4,046",5474,,,,PD,"5,780","5,480",94.81%,"5,480",1,2
Deca03,10/24/2016,ZPD,"4,046",5483,,,,PD,900,853,94.81%,853,1,2
Deca03,10/24/2016,ZPD,"4,059",5488,,,,PD,"1,220","1,067",87.46%,"1,067",1,2
Gate03,10/24/2016,FRONT,"4,043",5470,3.5,0,20,HO,"55,820","52,008",93.17%,"51,748",1,2
Gate03,10/24/2016,FRONT,"4,044",5471,3.7,0,27,HO,"30,080","27,895",92.74%,"27,895",1,2
Gate03,10/24/2016,FRONT,"4,050",5478,1.3,0,28,HO,"55,760","52,019",93.29%,"52,019",1,2
Gate03,10/24/2016,FRONT,"4,055",5484,3.4,0,24,HO,"18,540","17,140",92.45%,"17,140",1,2
Hamb01,10/24/2016,MM,"4,035",5458,5.1,0,42,EB,"32,700","30,788",94.15%,"30,141",1,2
Henr03,10/24/2016,COLLIN,"4,052",5480,1.9,0,53,OE,"1,500","1,462",97.47%,"1,462",1,2
Liff01,10/24/2016,1,"4,048",5476,2.5,0,23,HO,"18,960","17,679",93.24%,"17,679",1,2
Liff01,10/24/2016,1,"4,058",5487,2.8,0,72,HO,"15,760","14,985",95.08%,"14,985",1,2
Norr01,10/24/2016,A-13,"4,039",5465,3.7,0,59,EB,"41,640","37,430",89.89%,"37,168",1,2
Norr01,10/24/2016,A-13,"4,039",5466,3.7,0,59,EB,"41,960","37,718",89.89%,"37,454",1,2
Norr01,10/24/2016,A-3,"4,045",5473,3.4,0,35,MX,"16,920","15,998",94.55%,"15,998",1,2
Norr01,10/24/2016,A-3,"4,047",5475,3.2,0,35,MX,"41,340","38,774",93.79%,"38,774",1,2
Norr01,10/24/2016,A-13,"4,053",5481,3.8,0,48,EB,"41,400","40,119",96.91%,"40,119",1,2
Norr01,10/24/2016,A-3,"4,054",5482,6.5,0,42,MX,"42,340","39,737",93.85%,"38,346",1,2
Paqu04,10/24/2016,LP1,"4,037",5461,2.9,0,20,HO,"9,920","9,402",94.77%,"9,402",1,2
Paqu04,10/24/2016,LP1,"4,037",5462,2.9,0,20,HO,"27,780","26,328",94.77%,"26,328",1,2
Reze02,10/24/2016,#16,"4,042",5469,2.6,0,26,ST,"49,520","46,361",93.62%,"46,361",1,2
Reze02,10/24/2016,#16,"4,042",5472,2.6,0,26,ST,"20,880","19,548",93.62%,"19,548",1,2
Reze02,10/24/2016,#9,"4,060",5489,3.2,0,15,ST,"58,660","55,501",94.61%,"55,390",1,2
Rich01,10/24/2016,Acush1,"4,062",5491,2.9,0,48,MX,"6,260","5,470",87.38%,"5,470",1,2
Wils01,10/24/2016,RT 28,"4,036",5459,4.8,0,63,EB,"31,500","29,489",93.62%,"28,958",1,2
Wils01,10/24/2016,RT 28,"4,036",5460,4.8,0,63,EB,"31,620","29,601",93.62%,"29,068",1,2
Beat01,10/25/2016,Upspl,"4,088",5519,12.4,0,35,HO,"2,420","1,957",80.87%,"1,773",1,2
Bral01,10/25/2016,#5A,"4,068",5498,1.3,0,29,ST,"44,880","42,395",94.46%,"42,395",1,2
Bral01,10/25/2016,#5A,"4,080",5510,5.2,0,40,ST,"31,780","29,599",93.14%,"28,948",1,2
Deca01,10/25/2016,STU4,"4,064",5494,2.3,0,49,MX,"33,760","30,851",91.38%,"30,851",1,2
Deca01,10/25/2016,STU4,"4,075",5505,4.2,0,72,MX,"48,640","44,649",91.79%,"44,649",1,2
Deca03,10/25/2016,ZPD,"4,078",5508,,,,PD,"10,560","10,254",97.10%,"10,254",1,2
Deca03,10/25/2016,ZPD,"4,082",5512,,,,PD,"4,160","3,942",94.75%,"3,942",1,2
Deca03,10/25/2016,ZPD,"4,082",5516,,,,PD,"2,620","2,482",94.75%,"2,482",1,2
Dvor01,10/25/2016,High 3,"4,083",5513,1.2,0,52,HO,"13,120","11,739",89.47%,"11,739",1,2
Harj01,10/25/2016,BYRNE6,"4,073",5503,2.4,0,26,ST,"52,580","48,707",92.63%,"48,707",1,2
Harj01,10/25/2016,BYRNE6,"4,081",5511,2.8,0,31,ST,"50,580","47,744",94.39%,"47,744",1,2
Harj01,10/25/2016,BYRNE1,"4,084",5514,2,0,35,ST,"46,340","43,925",94.79%,"43,925",1,2
Harj01,10/25/2016,BYRNE1,"4,087",5518,1.3,0,30,ST,"52,080","49,408",94.87%,"49,408",1,2
Liff01,10/25/2016,2,"4,072",5502,4.2,0,35,MX,"18,740","16,943",90.41%,"16,740",1,2
Liff01,10/25/2016,2,"4,077",5507,4.1,0,40,ST,"5,280","4,732",89.62%,"4,680",1,2
Medi01,10/25/2016,A9,"4,065",5495,1.7,0,29,HO,"26,800","26,225",97.85%,"26,225",1,2
Medi01,10/25/2016,A9,"4,071",5501,0.8,0,48,HO,"7,960","7,586",95.30%,"7,586",1,2
Norr01,10/25/2016,A-3,"4,066",5496,4.3,0,29,MX,"40,240","37,903",94.19%,"37,410",1,2
Norr01,10/25/2016,A-3,"4,069",5499,4.2,0,27,MX,"40,440","38,133",94.30%,"37,675",1,2
Norr01,10/25/2016,A-3,"4,074",5504,2.6,0,24,MX,"8,040","7,703",95.81%,"7,703",1,2
Reze02,10/25/2016,#9,"4,067",5497,4.8,0,26,ST,"21,540","20,327",94.37%,"19,961",1,2
Reze02,10/25/2016,#15,"4,070",5500,3.2,0,29,ST,"60,880","58,389",95.91%,"58,272",1,2
Reze02,10/25/2016,#15,"4,076",5506,4.7,0,47,ST,"50,620","48,142",95.10%,"47,324",1,2
Reze02,10/25/2016,#14,"4,085",5515,2.8,0,29,ST,"58,560","55,115",94.12%,"55,115",1,2
Reze02,10/25/2016,#14,"4,086",5517,4.2,0,23,ST,"49,060","45,945",93.65%,"45,394",1,2
Rint01,10/25/2016,A-2,"4,079",5509,1.1,0,55,HO,"50,680","44,651",88.10%,"44,651",1,2
Bral01,10/26/2016,#5A,"4,090",5520,4.3,0,27,ST,"40,180","37,412",93.11%,"36,926",1,2
Chan01,10/26/2016,3,,,,,,ST,,,,,1,2
Deca01,10/26/2016,Joll2,"4,112",5546,3.3,0,53,ST,"39,160","36,996",94.47%,"36,996",1,2
Deca03,10/26/2016,ZPD,"4,093",5525,,,,PD,"4,860","4,692",96.54%,"4,692",1,2
Deca03,10/26/2016,ZPD,"4,101",5534,,,,PD,"2,300","2,298",99.91%,"2,298",1,2
Deca03,10/26/2016,ZPD,"4,101",5544,,,,PD,"11,540","11,529",99.91%,"11,529",1,2
Deca03,10/26/2016,ZPD,"4,115",5549,,,,PD,"3,880","3,770",97.15%,"3,770",1,2
Dvor01,10/26/2016,High 2,"4,106",5539,1.7,0,41,HO,"14,320","13,606",95.01%,"13,606",1,2
Dvor01,10/26/2016,High 2,"4,111",5545,2.4,0,33,HO,"14,640","13,708",93.63%,"13,708",1,2
Gate03,10/26/2016,BACKWO,"4,096",5528,4.3,0,33,MX,"55,080","51,775",94.00%,"51,102",1,2
Gate03,10/26/2016,SPRUCE,"4,098",5531,3.2,0,35,MX,"29,260","27,024",92.36%,"27,024",1,2
Gate03,10/26/2016,BACKWO,"4,108",5541,3.4,0,54,MX,"39,720","35,181",88.57%,"35,040",1,2
Hamb03,10/26/2016,COOMBE,"4,109",5542,4.6,0,34,MX,"18,260","16,114",88.25%,"15,856",1,2
Harj01,10/26/2016,BYRNE2,"4,092",5524,1.7,0,34,ST,"48,140","45,249",93.99%,"45,249",1,2
Harj01,10/26/2016,BYRNE2,"4,094",5526,3.5,0,30,ST,"44,180","41,589",94.14%,"41,381",1,2
Harj01,10/26/2016,BYRNE2,"4,103",5536,3.7,0,28,ST,"45,140","42,609",94.39%,"42,609",1,2
Harj01,10/26/2016,BYRNE3,"4,113",5547,3.4,0,25,ST,"46,760","44,202",94.53%,"44,202",1,2
Henr03,10/26/2016,COLLIN,"4,091",5523,1.2,0,64,OB,860,920,106.98%,920,1,2
John04,10/26/2016,Fos08,"4,089",5522,4.2,0,39,ST,"34,980","33,070",94.54%,"33,070",1,2
John04,10/26/2016,Fos08,"4,097",5529,2.7,0,47,ST,"27,600","25,811",93.52%,"25,811",1,2
John04,10/26/2016,Fos08,"4,100",5533,2.5,0,44,ST,"37,800","35,813",94.74%,"35,813",1,2
John04,10/26/2016,Fos08,"4,102",5535,3.7,0,50,ST,"59,220","56,305",95.08%,"56,305",1,2
John04,10/26/2016,Fos08,"4,107",5540,2.5,0,35,ST,"40,940","37,802",92.34%,"37,802",1,2
Paqu05,10/26/2016,PH1,"4,104",5537,3.3,0,41,ST,"29,300","27,780",94.81%,"27,780",1,2
Reze02,10/26/2016,#14,"4,086",5521,4.2,0,23,ST,"10,520","9,852",93.65%,"9,734",1,2
Reze02,10/26/2016,#10,"4,095",5527,5.3,0,42,ST,"61,800","57,410",92.90%,"56,090",1,2
Reze02,10/26/2016,#10,"4,099",5532,3.2,0,33,ST,"51,860","47,997",92.55%,"47,901",1,2
Reze02,10/26/2016,#10,"4,105",5538,3,0,41,ST,"56,360","53,187",94.37%,"53,187",1,2
Ward01,10/26/2016,SmalSt,"4,110",5543,2.4,0,45,ST,"19,240","17,226",89.53%,"17,226",1,2
Ward01,10/26/2016,Big St,"4,114",5548,3.1,0,36,ST,"28,140","25,172",89.45%,"25,172",1,2
CLMor1,10/27/2016,3,"4,119",5555,3.2,0,38,ST,"19,500","16,675",85.51%,"16,642",1,2
CLMor1,10/27/2016,4,"4,127",5565,6,0,43,ST,"30,420","28,052",92.22%,"27,211",1,2
CLMor1,10/27/2016,4,"4,127",5567,6,0,43,ST,"30,160","27,813",92.22%,"26,978",1,2
CLMor1,10/27/2016,5,"4,137",5577,2.9,0,34,ST,"27,940","26,158",93.62%,"26,158",1,2
CLMor1,10/27/2016,5,"4,137",5579,2.9,0,34,ST,"10,980","10,280",93.62%,"10,280",1,2
CLPaq1,10/27/2016,Tike 9,"4,129",5569,6,0,56,EB,"3,640","3,108",85.38%,"3,015",1,2
Deca01,10/27/2016,Joll2,"4,116",5550,2,0,58,ST,"38,360","35,098",91.50%,"35,098",1,2
Deca01,10/27/2016,Joll2,"4,122",5558,3.6,0,53,ST,"46,020","42,197",91.69%,"42,197",1,2
Deca01,10/27/2016,Joll2,"4,122",5562,3.6,0,53,ST,"12,560","11,516",91.69%,"11,516",1,2
Deca01,10/27/2016,Joll3,"4,132",5572,2.4,0,45,GR,"40,060","38,037",94.95%,"38,037",1,2
Deca01,10/27/2016,Joll3,"4,135",5575,5.5,0,49,GR,"20,200","18,670",92.43%,"18,670",1,2
Deca03,10/27/2016,ZPD,"4,115",5552,,,,PD,"3,800","3,692",97.15%,"3,692",1,2
Dvor01,10/27/2016,High 2,"4,123",5560,1.4,0,47,HO,"9,440","9,091",96.30%,"9,091",1,2
Hann01,10/27/2016,D-1,"4,139",5581,1.95,0,72,ST,"51,960","49,803",95.85%,"49,803",1,2
Harj01,10/27/2016,BYRNE3,"4,118",5553,5.6,0,35,ST,"45,540","42,503",93.33%,"41,398",1,2
Harj01,10/27/2016,BYRNE3,"4,121",5557,7.6,0,41,ST,"34,920","33,257",95.24%,"31,727",1,2
Harj01,10/27/2016,BYRNE4,"4,125",5563,4.9,0,26,ST,"52,380","49,187",93.90%,"48,253",1,2
Harj01,10/27/2016,BYRNE4,"4,125",5566,4.9,0,26,ST,"44,000","41,318",93.90%,"40,533",1,2
Harj01,10/27/2016,BRUF#1,"4,136",5576,1.9,0,36,MX,"42,400","40,295",95.04%,"40,295",1,2
Jenn01,10/27/2016,3,"4,120",5556,4.2,0,40,ST,"42,220","38,560",91.33%,"38,560",1,2
Jenn01,10/27/2016,3,"4,120",5559,4.2,0,40,ST,"27,260","24,897",91.33%,"24,897",1,2
Jenn01,10/27/2016,3,"4,126",5564,2.8,0,37,ST,"27,120","25,345",93.46%,"25,345",1,2
John04,10/27/2016,Fos09,"4,131",5571,1.1,0,40,ST,"49,560","47,617",96.08%,"47,617",1,2
John04,10/27/2016,Fos09,"4,134",5574,3.55,0,55,ST,"39,500","37,291",94.41%,"37,291",1,2
John04,10/27/2016,Fos09,"4,138",5578,0.7,0,42,ST,"27,460","25,949",94.50%,"25,949",1,2
Paqu05,10/27/2016,PH1,"4,128",5568,2.5,0,48,ST,"30,560","29,166",95.44%,"29,166",1,2
Reze02,10/27/2016,#5A,"4,117",5551,4.05,0,33,ST,"59,840","54,819",91.61%,"54,243",1,2
Reze02,10/27/2016,#5A,"4,117",5554,4.05,0,33,ST,"50,260","46,042",91.61%,"45,559",1,2
Reze02,10/27/2016,#5A,"4,124",5561,4,0,35,ST,"28,700","27,204",94.79%,"26,932",1,2
Reze02,10/27/2016,#11,"4,130",5570,4.3,0,30,ST,"60,880","57,449",94.36%,"56,702",1,2
Reze02,10/27/2016,#11,"4,133",5573,1.4,0,43,ST,"50,780","48,765",96.03%,"48,765",1,2
CLMor1,10/28/2016,6,"4,145",5591,1,0,36,ST,"31,120","28,079",90.23%,"28,079",1,2
CLMor1,10/28/2016,6,"4,149",5594,1.8,0,42,ST,"28,520","24,770",86.85%,"24,770",1,2
CLMor1,10/28/2016,6,"4,149",5595,1.8,0,42,ST,"4,820","4,186",86.85%,"4,186",1,2
Deca01,10/28/2016,Joll1,"4,152",5598,1.9,0,46,ST,"43,480","40,691",93.58%,"40,691",1,2
Deca01,10/28/2016,Joll1,"4,152",5602,1.9,0,46,ST,"40,800","38,182",93.58%,"38,182",1,2
Deca01,10/28/2016,Joll1,"4,161",5612,3.9,0,41,ST,"24,460","23,249",95.05%,"23,249",1,2
Deca03,10/28/2016,ZPD,"4,115",5583,,,,PD,"5,220","5,071",97.15%,"5,071",1,2
Deca03,10/28/2016,ZPD,"4,115",5586,,,,PD,"8,580","8,336",97.15%,"8,336",1,2
Deca03,10/28/2016,ZPD,"4,115",5601,,,,PD,"13,540","13,155",97.15%,"13,155",1,2
Deca03,10/28/2016,ZPD,"4,115",5607,,,,PD,"7,560","7,345",97.15%,"7,345",1,2
Deca03,10/28/2016,ZPD,"4,115",5613,,,,PD,"4,700","4,566",97.15%,"4,566",1,2
Hann01,10/28/2016,D-1,"4,139",5585,1.95,0,72,ST,"51,380","49,247",95.85%,"49,247",1,2
Hann01,10/28/2016,D-1,"4,146",5592,1.9,0,43,ST,"61,160","58,372",95.44%,"58,372",1,2
Hann01,10/28/2016,D-1,"4,153",5599,2,0,57,ST,"21,900","20,808",95.01%,"20,808",1,2
Hann01,10/28/2016,D17,"4,156",5604,0.8,0,56,ST,"49,840","48,318",96.95%,"48,318",1,2
Hann01,10/28/2016,D17,"4,156",5609,0.8,0,56,ST,"60,320","58,478",96.95%,"58,478",1,2
Harj01,10/28/2016,BRUF#2,"4,151",5597,2.5,0,62,EB,"42,300","39,497",93.37%,"39,497",1,2
Harj01,10/28/2016,BRUF#7,"4,159",5610,1.1,0,48,EB,"46,840","44,179",94.32%,"44,179",1,2
Harj01,10/28/2016,BRUF#3,"4,160",5611,2.5,0,34,HO,"18,480","17,612",95.30%,"17,612",1,2
John04,10/28/2016,Fos09,"4,141",5584,1.7,0,47,ST,"61,580","58,321",94.71%,"58,321",1,2
John04,10/28/2016,Fos09,"4,142",5587,1.6,0,37,ST,"36,200","35,002",96.69%,"35,002",1,2
John04,10/28/2016,Fos09,"4,142",5588,1.6,0,37,ST,"26,680","25,797",96.69%,"25,797",1,2
John04,10/28/2016,Fos09,"4,150",5596,2.9,0,51,ST,"62,140","58,029",93.38%,"58,029",1,2
John04,10/28/2016,Fos09,"4,157",5606,2,0,50,ST,"41,180","38,118",92.56%,"38,118",1,2
Morr02,10/28/2016,Thomst,"4,154",5600,6.4,0,27,ST,"37,900","36,050",95.12%,"34,824",1,2
Paqu05,10/28/2016,PH2,"4,143",5589,3.2,0,41,ST,"24,800","24,003",96.79%,"24,003",1,2
Paqu05,10/28/2016,PH1,"4,144",5590,4.2,0,41,ST,"7,300","6,958",95.32%,"6,875",1,2
Pink01,10/28/2016,Orig.,"4,158",5608,2.5,0,32,MX,"17,100","15,686",91.73%,"15,686",1,2
Reze02,10/28/2016,#11,"4,147",5580,3.6,0,31,ST,"42,080","40,015",95.09%,"39,775",1,2
Reze02,10/28/2016,#12,"4,148",5593,2.9,0,35,ST,"50,360","47,700",94.72%,"47,700",1,2
Reze02,10/28/2016,#12,"4,155",5603,2.4,0,31,ST,"23,660","22,136",93.56%,"22,136",1,2
Reze02,10/28/2016,#12,"4,155",5605,2.4,0,31,ST,"29,340","27,451",93.56%,"27,451",1,2
Reze02,10/28/2016,#5B,"4,162",5614,2.3,0,35,MX,"62,960","58,162",92.38%,"58,162",1,2
Rint01,10/28/2016,A-4,"4,140",5582,3.4,0,33,HO,"21,080","19,658",93.25%,"19,579",1,2
Bett01,10/29/2016,4,"4,173",5625,2.1,0,63,ST,"45,840","42,020",91.67%,"42,020",1,2
Bett01,10/29/2016,4,"4,173",5630,2.1,0,63,ST,"46,720","42,827",91.67%,"42,827",1,2
Bett01,10/29/2016,4,"4,182",5636,2.2,0,72,ST,"27,180","24,704",90.89%,"24,704",1,2
Cako01,10/29/2016,MAIN,"4,169",5615,6,0,65,OM,"36,520","30,756",84.22%,"29,833",1,2
CLPaq3,10/29/2016,10,"4,178",5632,6.5,0,49,ST,"17,040","15,347",90.06%,"14,810",1,2
Deca01,10/29/2016,CAR17,"4,171",5623,2.8,0,42,ST,"59,620","57,304",96.11%,"57,304",1,2
Deca01,10/29/2016,CAR17,"4,171",5627,2.8,0,42,ST,"52,680","50,633",96.11%,"50,633",1,2
Deca01,10/29/2016,CAR17,"4,179",5633,2.7,0,45,ST,"32,440","31,209",96.21%,"31,209",1,2
Hamb01,10/29/2016,MH ST,"4,163",5616,4,0,30,ST,"24,680","23,332",94.54%,"23,099",1,2
Hamb01,10/29/2016,MH HO,"4,181",5635,2.1,0,34,HO,"15,520","14,767",95.15%,"14,767",1,2
Hann01,10/29/2016,D17,"4,164",5617,2.2,0,42,ST,"51,720","50,380",97.41%,"50,380",1,2
Hann01,10/29/2016,D17,"4,168",5621,2.3,0,39,ST,"30,180","29,103",96.43%,"29,103",1,2
John04,10/29/2016,Fos06,"4,172",5624,3.6,0,42,ST,"65,260","61,731",94.59%,"61,731",1,2
John04,10/29/2016,Fos06,"4,174",5626,3.5,0,52,ST,"37,840","34,777",91.91%,"34,777",1,2
John04,10/29/2016,Fos06,"4,177",5631,3.4,0,43,ST,"28,820","26,836",93.12%,"26,836",1,2
John04,10/29/2016,Fos06,"4,180",5637,3.25,0,38,ST,"63,820","59,071",92.56%,"59,071",1,2
Liff01,10/29/2016,3,"4,167",5620,1.9,0,59,MX,"17,840","16,161",90.59%,"16,161",1,2
Liff01,10/29/2016,3,"4,175",5628,2.2,0,72,MX,"16,200","14,481",89.39%,"14,481",1,2
Paqu05,10/29/2016,PH2,"4,166",5619,1.9,0,49,ST,"24,760","23,516",94.98%,"23,516",1,2
Reze02,10/29/2016,#12,"4,165",5618,5.2,0,38,ST,"27,680","25,894",93.55%,"25,324",1,2
Reze02,10/29/2016,#5B,"4,170",5622,1.6,0,42,HO,"39,660","36,676",92.48%,"36,676",1,2
Reze02,10/29/2016,#13,"4,176",5629,4.95,0,52,ST,"50,760","45,292",89.23%,"44,409",1,2
Reze02,10/29/2016,#13,"4,176",5634,4.95,0,52,ST,"49,020","43,740",89.23%,"42,887",1,2
Bett01,10/31/2016,5,"4,185",5643,2.8,0,51,ST,"44,940","42,083",93.64%,"42,083",1,2
Bett01,10/31/2016,5,"4,185",5646,2.8,0,51,ST,"48,040","44,985",93.64%,"44,985",1,2
Bett01,10/31/2016,5,"4,190",5648,2.1,0,55,ST,"45,360","42,702",94.14%,"42,702",1,2
CLAld1,10/31/2016,Corner,"4,188",5647,3.9,0,42,MX,"37,600","35,555",94.56%,"35,235",1,2
CLAld1,10/31/2016,Corner,"4,188",5649,3.9,0,42,MX,"5,140","4,860",94.56%,"4,817",1,2
CLMil1,10/31/2016,T10,"4,200",5664,0.5,0,40,HO,"32,860","30,954",94.20%,"30,954",1,2
CLMil1,10/31/2016,T10,"4,206",5673,1.3,0,29,HO,"27,420","25,645",93.53%,"25,645",1,2
CLPaq3,10/31/2016,10,"4,189",5650,2.7,0,54,ST,"17,140","15,675",91.45%,"15,675",1,2
CLPaq3,10/31/2016,10,"4,189",5661,2.7,0,54,ST,"18,060","16,517",91.45%,"16,517",1,2
CLPaq3,10/31/2016,10,"4,201",5667,7.8,0,51,ST,"27,060","25,577",94.52%,"24,349",1,2
CLPaq3,10/31/2016,10,"4,208",5675,2.7,0,47,ST,"17,620","15,251",86.56%,"15,251",1,2
Conw02,10/31/2016,4,"4,187",5644,2.5,0,33,ST,"43,080","39,966",92.77%,"39,966",1,2
Conw02,10/31/2016,4,"4,191",5651,4.6,0,34,ST,"38,260","35,448",92.65%,"35,448",1,2
Deca03,10/31/2016,ZPD,"4,193",5654,,,,PD,"1,980","1,909",96.41%,"1,909",1,2
Deca03,10/31/2016,ZPD,"4,193",5666,,,,PD,"6,960","6,710",96.41%,"6,710",1,2
Hann02,10/31/2016,B8,"4,183",5638,2.8,0,49,ST,"61,080","57,546",94.21%,"57,546",1,2
Hann02,10/31/2016,B8,"4,183",5639,2.8,0,49,ST,"51,700","48,709",94.21%,"48,709",1,2
Hann02,10/31/2016,B8,"4,183",5640,2.8,0,49,ST,"35,420","33,371",94.21%,"33,371",1,2
Hann02,10/31/2016,B6,"4,192",5653,2.1,0,52,ST,"61,620","58,377",94.74%,"58,377",1,2
John04,10/31/2016,Fos06,"4,186",5645,6.7,0,42,ST,"37,700","35,235",93.46%,"33,931",1,2
John04,10/31/2016,Fos07,"4,194",5655,4.22,0,26,ST,"30,180","28,635",94.88%,"28,635",1,2
John04,10/31/2016,Fos07,"4,194",5657,4.22,0,26,ST,"37,960","36,017",94.88%,"36,017",1,2
John04,10/31/2016,Fos07,"4,194",5662,4.22,0,26,ST,"63,480","60,230",94.88%,"60,230",1,2
John04,10/31/2016,Fos07,"4,194",5665,4.22,0,26,ST,"29,500","27,990",94.88%,"27,990",1,2
John04,10/31/2016,Fos07,"4,204",5671,3.3,0,43,ST,"38,880","36,843",94.76%,"36,843",1,2
Liff01,10/31/2016,4,"4,195",5656,5.1,0,41,MX,"18,960","17,352",91.52%,"16,988",1,2
Liff01,10/31/2016,5,"4,205",5672,2.1,0,42,HO,"16,040","14,804",92.29%,"14,804",1,2
Mere01,10/31/2016,Big#1,"4,198",5660,0.8,0,38,ST,"49,400","47,059",95.26%,"47,059",1,2
Mere01,10/31/2016,Big#1,"4,203",5669,4.9,0,49,MX,"50,040","45,392",90.71%,"45,392",1,2
Paqu05,10/31/2016,PH3,"4,199",5663,1.1,0,59,HO,"22,120","21,079",95.29%,"21,079",1,2
Pink01,10/31/2016,Max,"4,197",5659,1.6,0,35,HO,"9,380","8,373",89.26%,"8,373",1,2
Wain02,10/31/2016,DAD,"4,196",5658,6.1,0,40,ST,"19,980","16,786",84.01%,"16,266",1,2
Wain02,10/31/2016,DAD,"4,202",5668,8.8,0,53,ST,"21,480","18,887",87.93%,"17,791",1,2
Wain02,10/31/2016,DAD,"4,202",5670,8.8,0,53,ST,"17,160","15,088",87.93%,"14,213",1,2
Wain02,10/31/2016,DAD,"4,207",5674,10.45,0,33,ST,"19,940","18,601",93.28%,"17,215",1,2
Wils01,10/31/2016,RT 28,"4,184",5641,3.4,0,41,HO,"32,100","29,959",93.33%,"29,839",1,2
Wils01,10/31/2016,RT 28,"4,184",5642,3.4,0,41,HO,"32,240","30,089",93.33%,"29,969",1,2
Bett01,11/1/2016,3,"4,217",5687,2.85,0,41,ST,"43,640","40,883",93.68%,"40,883",1,2
Bett01,11/1/2016,3,"4,217",5693,2.85,0,41,ST,"41,500","38,878",93.68%,"38,878",1,2
Bett01,11/1/2016,3,"4,224",5697,2.9,0,55,ST,"42,780","38,918",90.97%,"38,918",1,2
Bett01,11/1/2016,3,"4,225",5698,2.4,0,55,ST,"12,880","11,807",91.67%,"11,807",1,2
CLBap1,11/1/2016,D,"4,222",5695,4,0,59,ST,"17,540","16,359",93.27%,"16,195",1,2
CLKop1,11/1/2016,A-9,"4,219",5690,3.6,0,30,ST,"40,500","35,679",88.10%,"35,465",1,2
CLKop1,11/1/2016,A-10,"4,221",5694,4.2,0,45,ST,"51,900","45,719",88.09%,"45,170",1,2
CLKop1,11/1/2016,A-10,"4,227",5701,5.5,0,58,ST,"51,140","45,982",89.91%,"44,832",1,2
CLMil1,11/1/2016,S08,"4,226",5699,2.8,0,34,MX,"26,360","23,309",88.42%,"23,309",1,2
CLMil1,11/1/2016,S08,"4,226",5700,2.8,0,34,MX,"3,920","3,466",88.42%,"3,466",1,2
CLPaq3,11/1/2016,10,"4,220",5691,5.9,0,50,ST,"18,780","17,017",90.61%,"16,524",1,2
CLPaq3,11/1/2016,10,"4,228",5702,5.5,0,58,ST,"14,500","12,535",86.45%,"12,222",1,2
Deca03,11/1/2016,ZPD,"4,193",5682,,,,PD,"10,000","9,642",96.41%,"9,642",1,2
Deca03,11/1/2016,ZPD,"4,230",5706,,,,PD,"3,300","3,272",99.15%,"3,272",1,2
Gray03,11/1/2016,A1,"4,213",5683,2.3,0,47,ST,"7,380","6,746",91.41%,"6,746",1,2
Hamb03,11/1/2016,COOMBE,"4,229",5704,3.5,0,35,MX,"49,420","45,644",92.36%,"45,416",1,2
Hann02,11/1/2016,B1,"4,209",5676,2.2,0,63,ST,"46,120","44,083",95.58%,"44,083",1,2
Hann02,11/1/2016,B1,"4,209",5678,2.2,0,63,ST,"35,260","33,703",95.58%,"33,703",1,2
Hann02,11/1/2016,B7,"4,210",5677,2,0,54,ST,"53,160","51,202",96.32%,"51,202",1,2
Hann02,11/1/2016,B7,"4,210",5679,2,0,54,ST,"60,880","58,637",96.32%,"58,637",1,2
Hann02,11/1/2016,B5,"4,223",5692,1.5,0,44,ST,"21,940","20,869",95.12%,"20,869",1,2
John05,11/1/2016,Pur01,"4,211",5680,2.3,0,51,ST,"44,820","43,236",96.47%,"43,236",1,2
John05,11/1/2016,Pur02,"4,215",5685,2,0,70,ST,"24,380","22,727",93.22%,"22,727",1,2
Mere01,11/1/2016,Big#1,"4,214",5652,3.1,0,40,ST,"42,560","39,070",91.80%,"39,070",1,2
Mere01,11/1/2016,Big#1,"4,214",5684,3.1,0,40,MX,"42,740","39,236",91.80%,"39,236",1,2
Mere01,11/1/2016,Big#1,"4,216",5686,0.8,0,31,MX,"30,280","27,729",91.58%,"27,729",1,2
Paqu05,11/1/2016,PH3,"4,212",5681,1.6,0,48,HO,"15,320","14,860",97.00%,"14,860",1,2
Paqu05,11/1/2016,PH4,"4,218",5689,1.6,0,44,ST,"25,880","24,411",94.32%,"24,411",1,2
CLFar1,11/2/2016,ALL,"4,240",5713,0.3,0,72,MX,"42,540","38,533",90.58%,"38,533",1,2
CLFar1,11/2/2016,ALL,"4,245",5721,0.8,0,72,MX,"43,020","39,114",90.92%,"39,114",1,2
CLKop1,11/2/2016,A-9,"4,233",5708,4.2,0,35,ST,"14,360","12,652",88.11%,"12,500",1,2
CLKop1,11/2/2016,A-10,"4,234",5709,2.8,0,38,ST,"18,140","16,311",89.92%,"16,311",1,2
Deca01,11/2/2016,LP1,"4,238",5711,1.65,0,53,ST,"51,500","48,983",95.11%,"48,983",1,2
Deca01,11/2/2016,LP1,"4,238",5714,1.65,0,53,ST,"46,260","43,999",95.11%,"43,999",1,2
Deca01,11/2/2016,CAR13,"4,242",5716,1,0,35,HO,"31,740","30,470",96.00%,"30,470",1,2
Deca01,11/2/2016,CAR13,"4,242",5717,1,0,35,HO,"45,320","43,507",96.00%,"43,507",1,2
Deca01,11/2/2016,LP2,"4,243",5719,2.7,0,63,ST,"50,480","47,871",94.83%,"47,871",1,2
Deca01,11/2/2016,LP2,"4,244",5720,1.4,0,42,ST,"28,300","26,886",95.00%,"26,886",1,2
Deca01,11/2/2016,LP2,"4,248",5724,2.33,0,50,ST,"24,820","23,884",96.23%,"23,884",1,2
Deca03,11/2/2016,ZPD,"4,241",5715,,,,PD,"7,720","7,505",97.22%,"7,505",1,2
Deca03,11/2/2016,ZPD,"4,241",5718,,,,PD,"3,340","3,247",97.22%,"3,247",1,2
Deca03,11/2/2016,ZPD,"4,247",5723,,,,PD,"1,560","1,546",99.12%,"1,546",1,2
Deca03,11/2/2016,ZPD,"4,247",5726,,,,PD,300,297,99.12%,297,1,2
Fran05,11/2/2016,Alderb,"4,237",5710,1.4,0,55,ST,"24,400","23,230",95.20%,"23,230",1,2
Hann02,11/2/2016,B1,"4,231",5688,2.5,0,48,ST,"51,880","49,682",95.76%,"49,682",1,2
Hann02,11/2/2016,B1,"4,231",5705,2.5,0,48,ST,"47,700","45,680",95.76%,"45,680",1,2
Hann02,11/2/2016,B3,"4,235",5696,2.9,0,41,HO,"60,860","58,775",96.57%,"58,775",1,2
Hann02,11/2/2016,B4,"4,236",5703,2.5,0,52,ST,"53,220","51,168",96.14%,"51,168",1,2
MacL01,11/2/2016,MCNB,"4,246",5722,4.9,0,51,ST,"26,380","23,334",88.45%,"22,891",1,2
MacL01,11/2/2016,MCNB,"4,246",5725,4.9,0,51,ST,"40,360","35,700",88.45%,"35,022",1,2
Wain01,11/2/2016,#1,"4,232",5707,2.6,0,41,ST,"43,400","40,873",94.18%,"40,873",1,2
Wain01,11/2/2016,#2,"4,239",5712,2,0,44,ST,"41,620","39,432",94.74%,"39,432",1,2
Bett01,11/3/2016,7A,"4,255",5735,3.2,0,67,ST,"43,520","40,168",92.30%,"40,168",1,2
Bett01,11/3/2016,7A,"4,262",5743,2.6,0,54,ST,"47,700","44,957",94.25%,"44,957",1,2
Bett01,11/3/2016,7A,"4,268",5751,2.4,0,62,ST,"48,980","45,479",92.85%,"45,479",1,2
CLKop1,11/3/2016,A-1,"4,260",5741,5.4,0,37,MX,"42,480","37,034",87.18%,"36,145",1,2
CLKop1,11/3/2016,A-1,"4,266",5749,4,0,34,MX,"30,300","25,906",85.50%,"25,647",1,2
CLKop1,11/3/2016,A-4,"4,270",5754,5.6,0,45,HO,"42,280","38,745",91.64%,"37,738",1,2
CLMil1,11/3/2016,T12,"4,261",5742,6.2,0,48,ST,"18,860","17,681",93.75%,"17,115",1,2
CLMil1,11/3/2016,T08,"4,265",5748,4.2,0,59,ST,"29,680","27,919",94.07%,"27,584",1,2
Deca01,11/3/2016,CARM09,"4,249",5728,0,0,59,ST,"37,060","35,971",97.06%,"35,971",1,2
Deca01,11/3/2016,LP3,"4,250",5729,2.45,0,38,ST,"27,720","26,781",96.61%,"26,781",1,2
Deca01,11/3/2016,LP3,"4,250",5730,2.45,0,38,ST,"51,280","49,543",96.61%,"49,543",1,2
Deca01,11/3/2016,LP3,"4,253",5732,0.9,0,45,ST,"28,200","26,584",94.27%,"26,584",1,2
Deca01,11/3/2016,LP3,"4,257",5737,1.7,0,44,ST,"52,520","50,142",95.47%,"50,142",1,2
Deca01,11/3/2016,LP3,"4,257",5739,1.7,0,44,ST,"28,580","27,286",95.47%,"27,286",1,2
Deca01,11/3/2016,CAR11,"4,258",5738,5.3,0,60,HO,"46,700","41,959",89.85%,"40,994",1,2
Deca01,11/3/2016,CAR11,"4,258",5744,5.3,0,60,HO,"7,760","6,972",89.85%,"6,812",1,2
Deca01,11/3/2016,LP3,"4,264",5747,2.1,0,61,ST,"42,820","40,881",95.47%,"40,881",1,2
Deca01,11/3/2016,CAR12,"4,269",5752,2.35,0,72,EB,"57,940","54,899",94.75%,"54,899",1,2
Deca03,11/3/2016,ZPD,"4,247",5733,,,,PD,"4,900","4,857",99.12%,"4,857",1,2
Deca03,11/3/2016,ZPD,"4,247",5746,,,,PD,"6,980","6,919",99.12%,"6,919",1,2
Deca03,11/3/2016,ZPD,"4,247",5755,,,,PD,"10,640","10,546",99.12%,"10,546",1,2
Hamb03,11/3/2016,COOMBE,"4,251",5727,4.1,0,52,MX,"41,840","37,503",89.63%,"37,090",1,2
Hamb03,11/3/2016,winn,"4,254",5734,0.7,0,54,ST,"11,000","10,328",93.89%,"10,328",1,2
Jenn01,11/3/2016,2,"4,263",5745,5.1,0,65,ST,"43,260","39,415",91.11%,"39,415",1,2
Jenn01,11/3/2016,2,"4,267",5750,2,0,45,ST,"51,120","46,357",90.68%,"46,357",1,2
Jenn01,11/3/2016,2,"4,267",5753,2,0,45,ST,"16,320","14,799",90.68%,"14,799",1,2
MacL01,11/3/2016,MCNB,"4,256",5736,3.3,0,49,ST,"26,400","24,466",92.67%,"24,393",1,2
MacL01,11/3/2016,MCNB,"4,259",5740,3.7,0,46,ST,"29,800","25,664",86.12%,"25,484",1,2
Wain01,11/3/2016,#5,"4,252",5731,2.7,0,28,ST,"44,620","41,455",92.91%,"41,455",1,2
Bett01,11/4/2016,7A,"4,272",5756,2.23,0,51,ST,"46,240","44,108",95.39%,"44,108",1,2
Bett01,11/4/2016,7A,"4,272",5757,2.23,0,51,ST,"49,240","46,970",95.39%,"46,970",1,2
CLKop1,11/4/2016,A-4,"4,273",5761,1.2,0,45,MX,"33,720","32,058",95.07%,"32,058",1,2
CLMil1,11/4/2016,S11,"4,280",5772,6.8,0,45,ST,"20,340","18,837",92.61%,"18,121",1,2
Coul01,11/4/2016,HARW,"4,283",5778,6.7,0,72,MX,"44,800","40,748",90.96%,"39,240",1,2
Coul01,11/4/2016,HARW,"4,284",5780,8.1,0,58,MX,"13,240","11,696",88.34%,"11,100",1,2
Deca01,11/4/2016,CAR12,"4,269",5759,2.35,0,72,EB,"44,380","42,051",94.75%,"42,051",1,2
Deca01,11/4/2016,ROUN11,"4,271",5758,1.95,0,52,ST,"27,980","26,878",96.06%,"26,878",1,2
Deca01,11/4/2016,ROUN11,"4,271",5760,1.95,0,52,ST,"51,200","49,184",96.06%,"49,184",1,2
Deca01,11/4/2016,ROUN11,"4,271",5763,1.95,0,52,ST,"27,660","26,571",96.06%,"26,571",1,2
Deca01,11/4/2016,CAR12,"4,275",5764,2.5,0,72,EB,"28,940","27,154",93.83%,"27,154",1,2
Deca01,11/4/2016,CAR21,"4,276",5765,3.9,0,72,MX,"57,840","54,358",93.98%,"54,358",1,2
Deca01,11/4/2016,CAR21,"4,276",5770,3.9,0,72,MX,"50,020","47,009",93.98%,"47,009",1,2
Deca01,11/4/2016,CAR21,"4,276",5774,3.9,0,72,MX,"48,780","45,843",93.98%,"45,843",1,2
Deca01,11/4/2016,ROUN11,"4,277",5767,1.4,0,45,ST,"39,520","37,260",94.28%,"37,260",1,2
Deca01,11/4/2016,CAR21,"4,278",5766,3.85,0,57,MX,"48,540","45,966",94.70%,"45,966",1,2
Deca01,11/4/2016,CAR21,"4,278",5768,3.85,0,57,MX,"44,080","41,743",94.70%,"41,743",1,2
Deca01,11/4/2016,ROUN6,"4,279",5771,0.9,0,43,HO,"29,180","27,606",94.61%,"27,606",1,2
Deca01,11/4/2016,ROUN6,"4,282",5776,0.7,0,39,HO,"36,060","34,410",95.42%,"34,410",1,2
Deca01,11/4/2016,CAR21,"4,287",5781,2.9,0,52,ST,"28,340","27,039",95.41%,"27,039",1,2
Deca03,11/4/2016,ZPD,"4,247",5769,,,,PD,"10,740","10,646",99.12%,"10,646",1,2
Deca03,11/4/2016,ZPD,"4,247",5773,,,,PD,"4,660","4,619",99.12%,"4,619",1,2
Deca03,11/4/2016,ZPD,"4,286",5779,,,,PD,"1,300","1,304",100.31%,"1,304",1,2
Lawt01,11/4/2016,TT3a,"4,281",5775,1.9,0,33,MX,"41,680","39,996",95.96%,"39,996",1,2
Ross03,11/4/2016,PIANO,"4,274",5762,6.2,0,51,HO,"27,900","22,818",81.78%,"22,088",1,2
Rust01,11/4/2016,LOWER,"4,285",5777,2.3,0,70,EB,"23,640","22,043",93.24%,"22,043",1,2
Deca01,11/5/2016,CAR10,"4,288",5782,2.9,0,53,ST,"46,640","43,663",93.62%,"43,663",1,2
Deca01,11/5/2016,CAR10,"4,288",5784,2.9,0,53,ST,"31,120","29,134",93.62%,"29,134",1,2
Deca01,11/5/2016,ROUN7,"4,289",5786,2.4,0,56,HO,"31,500","29,643",94.10%,"29,643",1,2
Deca01,11/5/2016,CARM10,"4,290",5783,1.3,0,72,EB,"41,560","38,699",93.12%,"38,699",1,2
Deca01,11/5/2016,ROUN7,"4,291",5787,0.9,0,41,HO,"28,800","27,299",94.79%,"27,299",1,2
Deca03,11/5/2016,ZPD,"4,286",5788,,,,PD,"9,980","10,011",100.31%,"10,011",1,2
CLMil1,11/7/2016,S09,"4,301",5801,3.9,0,45,ST,"28,820","26,755",92.83%,"26,514",1,2
CLMil1,11/7/2016,S09,"4,306",5805,4.8,0,48,ST,"9,660","8,696",90.02%,"8,539",1,2
CLPaq1,11/7/2016,Bump10,"4,311",5813,10.9,0,72,MX,"11,240","10,163",90.42%,"9,360",1,2
Deca01,11/7/2016,CAR09,"4,292",5790,5,0,56,ST,"42,500","40,172",94.52%,"40,172",1,2
Deca01,11/7/2016,CARM11,"4,294",5791,1.7,0,42,ST,"50,980","48,880",95.88%,"48,880",1,2
Deca01,11/7/2016,ROUN5,"4,295",5795,3,0,36,HO,"10,940","10,396",95.02%,"10,396",1,2
Deca01,11/7/2016,ROUN5,"4,295",5796,3,0,36,HO,"53,980","51,293",95.02%,"51,293",1,2
Deca01,11/7/2016,CAR08,"4,296",5792,4,0,60,ST,"11,560","10,521",91.01%,"10,521",1,2
Deca01,11/7/2016,CARM12,"4,297",5794,1.7,0,40,ST,"41,500","40,587",97.80%,"40,587",1,2
Deca01,11/7/2016,CARM13,"4,300",5799,0.7,0,38,ST,"39,820","37,997",95.42%,"37,997",1,2
Deca01,11/7/2016,CAR21,"4,302",5785,5.8,0,45,MX,"38,060","36,048",94.71%,"35,039",1,2
Deca01,11/7/2016,ROUN1,"4,303",5789,2.4,0,49,ST,"33,660","32,356",96.13%,"32,356",1,2
Deca01,11/7/2016,CAR14,"4,304",5803,0.4,0,53,ST,"24,880","23,486",94.40%,"23,486",1,2
Deca01,11/7/2016,ROUN4,"4,307",5807,5,0,37,HO,"29,560","27,624",93.45%,"27,072",1,2
Deca01,11/7/2016,CAR08,"4,308",5808,4.2,0,67,ST,"60,540","57,472",94.93%,"57,472",1,2
Deca01,11/7/2016,CAR07,"4,309",5810,1.2,0,72,ST,"50,700","48,966",96.58%,"48,966",1,2
Deca01,11/7/2016,ROUN4,"4,310",5812,2.2,0,50,HO,"33,800","30,727",90.91%,"30,727",1,2
Deca01,11/7/2016,CAR07,"4,312",5814,3.8,0,53,ST,"17,680","16,933",95.77%,"16,933",1,2
Deca03,11/7/2016,ZPD,"4,286",5802,,,,PD,"5,580","5,597",100.31%,"5,597",1,2
Deca03,11/7/2016,ZPD,"4,286",5809,,,,PD,"9,200","9,228",100.31%,"9,228",1,2
Pink01,11/7/2016,Mil#3,"4,298",5797,7.1,0,30,ST,"17,760","15,130",85.19%,"14,509",1,2
Pink01,11/7/2016,Mil#3,"4,298",5798,7.1,0,30,ST,"16,620","14,158",85.19%,"13,578",1,2
Pink01,11/7/2016,Mil#3,"4,305",5804,11.1,0,40,ST,"45,240","38,258",84.57%,"35,159",1,2
Pink01,11/7/2016,Mil#3,"4,305",5811,11.1,0,40,ST,"19,780","16,727",84.57%,"15,372",1,2
Sull02,11/7/2016,Bog #1,"4,299",5800,11.8,0,68,EB,"3,740","3,441",92.01%,"3,138",1,2
Wils01,11/7/2016,RT 28,"4,293",5793,2.8,0,48,HO,"33,140","31,082",93.79%,"31,082",1,2
Bett01,11/8/2016,9,"4,330",5835,1.9,0,69,HO,"46,160","43,567",94.38%,"43,567",1,2
Chan01,11/8/2016,1,"4,324",5828,3.1,0,66,MX,"19,200","17,462",90.95%,"17,445",1,2
CLAld1,11/8/2016,Turtle,"4,317",5820,3,0,41,MX,"37,600","35,706",94.96%,"35,706",1,2
CLAld1,11/8/2016,Turtle,"4,328",5833,2.4,0,59,MX,"12,660","12,377",97.76%,"12,377",1,2
CLKop1,11/8/2016,A-3,"4,320",5822,4.9,0,72,MX,"32,860","30,412",92.55%,"29,834",1,2
CLKop1,11/8/2016,A-3,"4,320",5823,4.9,0,72,MX,"19,120","17,696",92.55%,"17,360",1,2
CLPin1,11/8/2016,Middle,"4,314",5816,1.6,0,30,HO,"21,460","20,436",95.23%,"20,436",1,2
CLPin1,11/8/2016,Lakev,"4,323",5827,4.4,0,31,HO,"32,540","30,711",94.38%,"30,281",1,2
CLPin1,11/8/2016,Lakev,"4,329",5834,2.2,0,49,MX,"27,180","26,211",96.43%,"26,211",1,2
Deca01,11/8/2016,CARM15,"4,313",5815,2.3,0,51,ST,"49,080","47,323",96.42%,"47,323",1,2
Deca01,11/8/2016,CAR22,"4,315",5817,2.6,0,69,MX,"44,540","42,574",95.59%,"42,574",1,2
Deca01,11/8/2016,LP4A,"4,318",5821,3.5,0,54,ST,"28,860","26,980",93.49%,"26,980",1,2
Deca01,11/8/2016,CAR22,"4,321",5824,3,0,66,MX,"49,700","47,337",95.25%,"47,337",1,2
Deca01,11/8/2016,LP4A,"4,322",5825,4.3,0,53,ST,"54,200","49,729",91.75%,"49,729",1,2
Deca01,11/8/2016,CARM16,"4,325",5829,3,0,59,ST,"60,280","58,076",96.34%,"58,076",1,2
Deca01,11/8/2016,LP4A,"4,327",5832,1.5,0,46,ST,"29,600","27,897",94.25%,"27,897",1,2
Deca01,11/8/2016,LP4A,"4,331",5836,2.5,0,69,ST,"50,440","47,458",94.09%,"47,458",1,2
Deca01,11/8/2016,CAR20,"4,332",5838,0.7,0,72,MX,"44,640","42,728",95.72%,"42,728",1,2
Deca01,11/8/2016,CAR22,"4,333",5826,1.2,0,60,MX,"8,300","7,810",94.10%,"7,810",1,2
Deca03,11/8/2016,ZPD,"4,286",5818,,,,PD,"11,320","11,355",100.31%,"11,355",1,2
Deca03,11/8/2016,ZPD,"4,286",5830,,,,PD,"10,880","10,913",100.31%,"10,913",1,2
Hamb03,11/8/2016,winn,"4,316",5819,5.4,0,61,HO,"35,780","33,075",92.44%,"32,281",1,2
Hamb03,11/8/2016,winn,"4,319",5806,1,0,42,ST,"29,200","27,437",93.96%,"27,437",1,2
Wain01,11/8/2016,#3,"4,326",5831,13.1,0,42,ST,"48,560","42,823",88.19%,"38,498",1,2
Wain01,11/8/2016,#3,"4,326",5837,13.1,0,42,ST,"20,180","17,796",88.19%,"15,999",1,2
Bett01,11/9/2016,9,"4,337",5840,2.5,0,35,MX,"42,720","40,314",94.37%,"40,314",1,2
Bett01,11/9/2016,9,"4,342",5850,2.7,0,43,HO,"47,720","44,724",93.72%,"44,724",1,2
Bett01,11/9/2016,9,"4,342",5853,2.7,0,43,HO,"14,280","13,384",93.72%,"13,384",1,2
Chan01,11/9/2016,3,"4,339",5846,1.6,0,38,HO,"30,120","28,219",93.69%,"28,219",1,2
Chan01,11/9/2016,3,"4,344",5856,1.8,0,37,HO,"29,980","27,303",91.07%,"27,303",1,2
CLBap1,11/9/2016,A,"4,341",5851,4.4,0,64,MX,"23,740","21,170",89.17%,"20,874",1,2
CLKop1,11/9/2016,A-6,"4,345",5859,3.03,0,72,EB,"42,360","40,020",94.48%,"40,008",1,2
CLMil1,11/9/2016,T02,"4,335",5839,1.7,0,35,MX,"13,580","12,183",89.71%,"12,183",1,2
CLMil1,11/9/2016,T06,"4,347",5862,11.5,0,44,HO,"18,020","16,539",91.78%,"15,133",1,2
Deca01,11/9/2016,ROUN2,"4,336",5841,2.85,0,35,HO,"28,940","27,494",95.00%,"27,494",1,2
Deca01,11/9/2016,ROUN2,"4,336",5842,2.85,0,35,HO,"54,440","51,719",95.00%,"51,719",1,2
Deca01,11/9/2016,ROUN2,"4,336",5848,2.85,0,35,HO,"22,860","21,717",95.00%,"21,717",1,2
Deca01,11/9/2016,CAR20,"4,338",5844,1.2,0,72,MX,"60,900","58,053",95.33%,"58,053",1,2
Deca01,11/9/2016,CAR20,"4,338",5847,1.2,0,72,MX,"53,040","50,561",95.33%,"50,561",1,2
Deca01,11/9/2016,CAR20,"4,338",5852,1.2,0,72,MX,"60,840","57,996",95.33%,"57,996",1,2
Deca01,11/9/2016,CAR20,"4,338",5855,1.2,0,72,MX,"40,140","38,264",95.33%,"38,264",1,2
Deca01,11/9/2016,CAR20,"4,338",5858,1.2,0,72,MX,"20,440","19,485",95.33%,"19,485",1,2
Deca01,11/9/2016,CAR20,"4,340",5849,1.7,0,72,MX,"50,560","47,671",94.29%,"47,671",1,2
Deca01,11/9/2016,ROUN2,"4,343",5854,1.6,0,47,HO,"27,420","26,165",95.42%,"26,165",1,2
Deca01,11/9/2016,CARM17,"4,346",5860,1.6,0,72,ST,"48,100","45,635",94.88%,"45,635",1,2
Deca01,11/9/2016,CARM17,"4,346",5861,1.6,0,72,ST,"4,400","4,175",94.88%,"4,175",1,2
Deca01,11/9/2016,LP5,"4,348",5863,0.9,0,72,ST,"28,680","27,016",94.20%,"27,016",1,2
Deca01,11/9/2016,LP5,"4,349",5864,2.8,0,65,ST,"49,140","46,844",95.33%,"46,844",1,2
Deca03,11/9/2016,ZPD,"4,334",5843,,,,PD,"9,680","9,275",95.82%,"9,275",1,2
Deca03,11/9/2016,ZPD,"4,334",5845,,,,PD,"3,640","3,488",95.82%,"3,488",1,2
Deca03,11/9/2016,ZPD,"4,334",5857,,,,PD,"6,540","6,266",95.82%,"6,266",1,2
Deca03,11/9/2016,ZPD,"4,350",5865,,,,PD,"7,380","6,992",94.74%,"6,992",1,2
Bett01,11/10/2016,10,"4,356",5877,1.7,0,45,ST,"41,840","39,140",93.55%,"39,140",1,2
Bett01,11/10/2016,10,"4,357",5878,2.3,0,48,ST,"39,700","35,877",90.37%,"35,877",1,2
Bett01,11/10/2016,10,"4,357",5880,2.3,0,48,ST,"15,340","13,863",90.37%,"13,863",1,2
CLKop1,11/10/2016,A-6,"4,353",5870,2.7,0,72,EB,"19,240","17,821",92.62%,"17,821",1,2
Deca01,11/10/2016,CAR14,"4,351",5866,2.1,0,58,HO,"48,460","46,069",95.07%,"46,069",1,2
Deca01,11/10/2016,LP5,"4,352",5867,1.33,0,60,ST,"52,860","50,725",95.96%,"50,725",1,2
Deca01,11/10/2016,LP5,"4,352",5868,1.33,0,60,ST,"28,240","27,099",95.96%,"27,099",1,2
Deca01,11/10/2016,LP5,"4,352",5871,1.33,0,60,ST,"50,260","48,230",95.96%,"48,230",1,2
Deca01,11/10/2016,LP5,"4,354",5872,1.6,0,60,ST,"5,900","5,547",94.02%,"5,547",1,2
Deca01,11/10/2016,CAR14,"4,355",5873,1.4,0,42,HO,"58,300","55,764",95.65%,"55,764",1,2
Deca01,11/10/2016,CAR14,"4,355",5875,1.4,0,42,HO,"8,120","7,767",95.65%,"7,767",1,2
Deca01,11/10/2016,LP9,"4,358",5879,2.25,0,65,ST,"53,480","49,678",92.89%,"49,678",1,2
Deca01,11/10/2016,LP9,"4,358",5881,2.25,0,65,ST,"28,400","26,381",92.89%,"26,381",1,2
Deca03,11/10/2016,ZPD,"4,350",5869,,,,PD,"3,840","3,638",94.74%,"3,638",1,2
Deca03,11/10/2016,ZPD,"4,350",5874,,,,PD,"2,860","2,710",94.74%,"2,710",1,2
Deca03,11/10/2016,ZPD,"4,350",5876,,,,PD,"2,280","2,160",94.74%,"2,160",1,2
Bett01,11/11/2016,11,"4,362",5886,0.8,0,62,ST,"37,040","31,151",84.10%,"31,151",1,2
CLKop1,11/11/2016,A-5,"4,361",5884,1.85,0,57,MX,"44,160","40,386",91.45%,"40,386",1,2
CLKop1,11/11/2016,A-5,"4,361",5885,1.85,0,57,MX,"20,520","18,767",91.45%,"18,767",1,2
CLKop1,11/11/2016,A-5,"4,364",5889,3.1,0,60,MX,"39,680","36,059",90.87%,"36,023",1,2
Deca01,11/11/2016,LP9,"4,360",5883,2.7,0,68,ST,"3,780","3,499",92.57%,"3,499",1,2
Deca01,11/11/2016,LP8,"4,365",5890,2.85,0,53,HO,"52,980","49,679",93.77%,"49,679",1,2
Deca03,11/11/2016,ZPD,"4,359",5882,,,,PD,"11,680","11,538",98.78%,"11,538",1,2
Deca03,11/11/2016,ZPD,"4,363",5887,,,,PD,"12,420","12,358",99.50%,"12,358",1,2
Deca03,11/11/2016,ZPD,"4,363",5888,,,,PD,"1,340","1,333",99.50%,"1,333",1,2
Bett01,11/14/2016,6,"4,368",5903,2.5,0,50,HO,"45,400","42,700",94.05%,"42,700",1,2
Bett01,11/14/2016,6,"4,368",5906,2.5,0,50,HO,"36,600","34,424",94.05%,"34,424",1,2
Bett01,11/14/2016,1,"4,372",5914,6.8,0,47,MX,"46,380","40,529",87.38%,"38,989",1,2
Bett01,11/14/2016,1,"4,375",5917,6.35,0,40,MX,"46,280","41,735",90.18%,"40,337",1,2
Bett01,11/14/2016,1,"4,375",5920,6.35,0,40,MX,"30,760","27,739",90.18%,"26,810",1,2
Bott02,11/14/2016,18,"4,371",5913,2.2,0,67,ST,"45,220","43,494",96.18%,"43,494",1,2
Bott02,11/14/2016,18,"4,376",5918,3.15,0,57,ST,"17,920","17,082",95.32%,"17,082",1,2
CLKop1,11/14/2016,A-7,"4,369",5909,3.5,0,48,MX,"55,400","51,939",93.75%,"51,679",1,2
CLKop1,11/14/2016,A-7,"4,369",5911,3.5,0,48,MX,"20,640","19,350",93.75%,"19,254",1,2
CLKop1,11/14/2016,A-2,"4,370",5910,2,0,72,EB,"4,900","4,529",92.43%,"4,529",1,2
Deca01,11/14/2016,LP8,"4,365",5902,2.85,0,53,HO,"50,840","47,672",93.77%,"47,672",1,2
Deca01,11/14/2016,LP8,"4,365",5907,2.85,0,53,HO,"25,200","23,630",93.77%,"23,630",1,2
Deca01,11/14/2016,LP8,"4,365",5908,2.85,0,53,HO,"17,600","16,503",93.77%,"16,503",1,2
Deca03,11/14/2016,ZPD,"4,366",5891,,,,PD,"10,800","10,270",95.09%,"10,270",1,2
Deca03,11/14/2016,ZPD,"4,366",5892,,,,PD,"3,160","3,005",95.09%,"3,005",1,2
Deca03,11/14/2016,ZPD,"4,366",5893,,,,PD,"2,580","2,453",95.09%,"2,453",1,2
Deca03,11/14/2016,ZPD,"4,366",5894,,,,PD,"10,900","10,365",95.09%,"10,365",1,2
Deca03,11/14/2016,ZPD,"4,366",5895,,,,PD,"11,400","10,840",95.09%,"10,840",1,2
Deca03,11/14/2016,ZPD,"4,366",5896,,,,PD,"9,680","9,205",95.09%,"9,205",1,2
Deca03,11/14/2016,ZPD,"4,366",5897,,,,PD,"11,360","10,802",95.09%,"10,802",1,2
Deca03,11/14/2016,ZPD,"4,367",5898,,,,PD,"12,300","12,278",99.82%,"12,278",1,2
Deca03,11/14/2016,ZPD,"4,367",5899,,,,PD,"8,580","8,565",99.82%,"8,565",1,2
Deca03,11/14/2016,ZPD,"4,367",5900,,,,PD,"8,980","8,964",99.82%,"8,964",1,2
Deca03,11/14/2016,ZPD,"4,367",5901,,,,PD,"5,200","5,191",99.82%,"5,191",1,2
Deca03,11/14/2016,ZPD,"4,367",5912,,,,PD,"1,980","1,976",99.82%,"1,976",1,2
Deca03,11/14/2016,OuO,"4,374",5916,4.1,0,40,OS,"9,720","9,118",93.81%,"9,018",1,2
Hamb01,11/14/2016,lap,"4,373",5915,3.2,0,72,ST,"36,740","34,139",92.92%,"34,139",1,2
Hamb01,11/14/2016,lap,"4,377",5919,1.76,0,72,ST,"43,100","41,125",95.42%,"41,125",1,2
Bett01,11/15/2016,6,"4,378",5904,5.05,0,31,HO,"46,020","43,395",94.30%,"42,505",1,2
Bett01,11/15/2016,6,"4,378",5905,5.05,0,31,HO,"44,880","42,320",94.30%,"41,452",1,2
Bott02,11/15/2016,19,"4,381",5924,4.1,0,72,ST,"29,060","26,008",89.50%,"25,722",1,2
Bott02,11/15/2016,19,"4,384",5928,5.1,0,66,ST,"33,380","31,526",94.45%,"30,864",1,2
CLKop1,11/15/2016,A-8,"4,380",5921,3.27,0,50,MX,"43,580","37,450",85.93%,"37,349",1,2
CLKop1,11/15/2016,A-8,"4,380",5923,3.27,0,50,MX,"21,460","18,442",85.93%,"18,392",1,2
CLKop1,11/15/2016,A-8,"4,380",5925,3.27,0,50,MX,"40,560","34,855",85.93%,"34,761",1,2
CLKop1,11/15/2016,A-8,"4,382",5926,1.8,0,41,ST,"15,060","14,141",93.90%,"14,141",1,2
Deca03,11/15/2016,ZPD,"4,379",5922,,,,PD,"11,620","11,478",98.78%,"11,478",1,2
Deca03,11/15/2016,ZPD,"4,383",5927,,,,PD,"10,680","10,556",98.84%,"10,556",1,2
Deca03,11/16/2016,ZPD,"4,385",5930,,,,PD,"12,140","11,927",98.24%,"11,927",1,2
Deca03,11/16/2016,ZPD,"4,385",5931,,,,PD,"2,500","2,456",98.24%,"2,456",1,2
Deca03,11/16/2016,ZPD,"4,385",5932,,,,PD,"1,640","1,611",98.24%,"1,611",1,2
Deca03,11/16/2016,ZPD,"4,385",5933,,,,PD,"2,660","2,613",98.24%,"2,613",1,2
Deca03,11/16/2016,ZPD,"4,389",5936,,,,PD,"11,940","11,191",93.73%,"11,191",1,2
Deca03,11/16/2016,ZPD,"4,390",5937,,,,PD,"6,620","6,482",97.92%,"6,482",1,2
Hamb01,11/16/2016,Lap 6,"4,386",5929,4.4,0,67,ST,"44,360","41,555",93.68%,"40,973",1,2
Hamb01,11/16/2016,Lap 3,"4,388",5935,3.5,0,69,ST,"30,120","27,150",90.14%,"27,150",1,2
Hamb01,11/16/2016,Lap 3,"4,391",5938,3.7,0,55,ST,"47,860","46,033",96.18%,"46,033",1,2
Rust01,11/16/2016,Lamp,"4,387",5934,6.6,0,56,MX,"20,160","14,751",73.17%,"14,220",1,2
Deca03,11/17/2016,ZPD,"4,392",5939,,,,PD,"12,200","12,030",98.61%,"12,030",1,2
Deca03,11/17/2016,ZPD,"4,394",5941,,,,PD,"11,540","11,357",98.41%,"11,357",1,2
Hamb01,11/17/2016,Lap 4,"4,393",5940,3,0,72,ST,"33,640","32,337",96.13%,"32,337",1,2
Deca03,11/18/2016,ZPD,"4,395",5942,,,,PD,"5,380","5,242",97.44%,"5,242",1,2
Deca03,11/18/2016,ZPD,"4,395",5943,,,,PD,"7,580","7,386",97.44%,"7,386",1,2
Ross03,11/18/2016,spring,"4,398",5944,4.4,0,66,EB,"38,880","35,375",90.99%,"34,880",1,2
CLBap1,11/21/2016,C,"4,397",5946,2.8,0,70,MX,"15,900","14,568",91.62%,"14,568",1,2
Deca03,11/21/2016,ZPD,"4,396",5945,,,,PD,"11,840","10,837",91.53%,"10,837",1,2
Deca03,11/21/2016,ZPD,"4,396",5947,,,,PD,"16,420","15,029",91.53%,"15,029",1,2
Deca03,11/22/2016,ZPD,"4,399",5948,,,,PD,"2,100","1,930",91.90%,"1,930",1,2
Deca03,11/22/2016,ZPD,"4,400",5949,,,,PD,"9,120","8,048",88.25%,"8,048",1,2
Deca03,11/22/2016,ZPD,"4,401",5950,,,,PD,"3,280","3,065",93.45%,"3,065",1,2
Deca03,11/22/2016,ZPD,"4,402",5951,,,,PD,440,377,85.59%,377,1,2
Deca03,11/22/2016,ZPD,"4,402",5952,,,,PD,740,633,85.59%,633,1,2
Deca03,11/23/2016,ZPD,"4,403",5953,,,,PD,"24,780","22,613",91.25%,"22,613",1,2
Deca03,11/23/2016,ZPD,"4,403",5954,,,,PD,"21,560","19,674",91.25%,"19,674",1,2
Deca03,11/28/2016,ZPD,"4,404",5955,,,,PD,"7,680","7,438",96.85%,"7,438",1,2
Deca03,11/29/2016,ZPD,"4,404",5956,,,,PD,"13,720","13,288",96.85%,"13,288",1,2
Deca03,11/29/2016,ZPD,"4,404",5957,,,,PD,"3,820","3,700",96.85%,"3,700",1,2
Deca03,11/29/2016,ZPD,"4,404",5958,,,,PD,560,542,96.85%,542,1,2
Deca03,11/29/2016,ZPD,"4,404",5959,,,,PD,"1,080","1,046",96.85%,"1,046",1,2
Deca03,11/30/2016,ZPD,"4,404",5960,,,,PD,"7,360","7,128",96.85%,"7,128",1,2
Deca03,11/30/2016,ZPD,"4,404",5961,,,,PD,"4,520","4,378",96.85%,"4,378",1,2
Deca03,12/1/2016,ZPD,"4,404",5962,,,,PD,"1,260","1,220",96.85%,"1,220",1,2
Deca03,12/1/2016,ZPD,"4,405",5963,,,,PD,"17,320","13,966",80.64%,"13,966",1,2
Deca03,12/1/2016,ZPD,"4,406",5964,,,,PD,"2,400","2,379",99.13%,"2,379",1,2
Deca03,12/2/2016,ZPD,"4,406",5965,,,,PD,"3,200","3,172",99.13%,"3,172",1,2
Deca03,12/5/2016,ZPD,"4,406",5966,,,,PD,"9,160","9,081",99.13%,"9,081",1,2
Deca03,12/5/2016,ZPD,"4,406",5967,,,,PD,"4,500","4,461",99.13%,"4,461",1,2
Deca03,12/6/2016,ZPD,"4,406",5968,,,,PD,"22,220","22,027",99.13%,"22,027",1,2
Deca03,12/6/2016,ZPD,"4,406",5969,,,,PD,"3,580","3,549",99.13%,"3,549",1,2
Deca03,12/6/2016,ZPD,"4,406",5970,,,,PD,"21,540","21,353",99.13%,"21,353",1,2
Deca03,12/6/2016,ZPD,"4,406",5971,,,,PD,"3,100","3,073",99.13%,"3,073",1,2
Deca03,12/6/2016,ZPD,"4,407",5972,,,,PD,"21,000","20,454",97.40%,"20,454",1,2
Deca03,12/6/2016,ZPD,"4,407",5973,,,,PD,"2,500","2,435",97.40%,"2,435",1,2
Deca03,12/6/2016,ZPD,"4,407",5974,,,,PD,780,760,97.40%,760,1,2
Deca03,12/7/2016,ZPD,"4,408",5975,,,,PD,"22,220","22,104",99.48%,"22,104",1,2
Deca03,12/7/2016,ZPD,"4,408",5976,,,,PD,"23,060","22,940",99.48%,"22,940",1,2
Deca03,12/7/2016,ZPD,"4,408",5977,,,,PD,"6,420","6,387",99.48%,"6,387",1,2
Deca03,12/7/2016,ZPD,"4,408",5978,,,,PD,380,378,99.48%,378,1,2
Deca03,12/7/2016,ZPD,"4,408",5979,,,,PD,"13,420","13,350",99.48%,"13,350",1,2
Deca03,12/7/2016,ZPD,"4,408",5980,,,,PD,"5,080","5,054",99.48%,"5,054",1,2
Deca03,12/7/2016,ZPD,"4,408",5981,,,,PD,"6,360","6,327",99.48%,"6,327",1,2
Deca03,12/8/2016,ZPD,"4,409",5982,,,,PD,"22,000","22,089",100.40%,"22,089",1,2
Deca03,12/8/2016,ZPD,"4,409",5983,,,,PD,"21,340","21,426",100.40%,"21,426",1,2
Deca03,12/8/2016,ZPD,"4,409",5984,,,,PD,"9,760","9,799",100.40%,"9,799",1,2
Deca03,12/8/2016,ZPD,"4,409",5985,,,,PD,"21,240","21,326",100.40%,"21,326",1,2
Deca03,12/8/2016,ZPD,"4,409",5986,,,,PD,"8,540","8,574",100.40%,"8,574",1,2
Deca03,12/8/2016,ZPD,"4,409",5987,,,,PD,"5,520","5,542",100.40%,"5,542",1,2
Deca03,12/9/2016,ZPD,"4,409",5988,,,,PD,"1,220","1,225",100.40%,"1,225",1,2
Deca03,12/9/2016,ZPD,"4,409",5989,,,,PD,"4,800","4,819",100.40%,"4,819",1,2
Deca03,12/9/2016,ZPD,"4,409",5990,,,,PD,"13,060","13,113",100.40%,"13,113",1,2
Deca03,12/9/2016,ZPD,"4,410",5991,,,,PD,"14,580","14,609",100.20%,"14,609",1,2
Deca03,12/9/2016,ZPD,"4,410",5992,,,,PD,"2,460","2,465",100.20%,"2,465",1,2
Deca03,12/12/2016,ZPD,"4,410",5993,,,,PD,"4,480","4,489",100.20%,"4,489",1,2
Deca03,12/12/2016,ZPD,"4,410",5994,,,,PD,"24,120","24,168",100.20%,"24,168",1,2
Deca03,12/13/2016,ZPD,"4,410",5995,,,,PD,"11,420","11,443",100.20%,"11,443",1,2
Deca03,12/13/2016,ZPD,"4,410",5996,,,,PD,"21,920","21,964",100.20%,"21,964",1,2
Deca03,12/13/2016,ZPD,"4,410",5997,,,,PD,"25,220","25,270",100.20%,"25,270",1,2
Deca03,12/14/2016,ZPD,"4,410",5998,,,,PD,"11,900","11,924",100.20%,"11,924",1,2
Deca03,12/14/2016,ZPD,"4,410",5999,,,,PD,"24,500","24,549",100.20%,"24,549",1,2
Deca03,12/14/2016,ZPD,"4,410",6000,,,,PD,"25,120","25,170",100.20%,"25,170",1,2
Deca03,12/14/2016,ZPD,"4,410",6001,,,,PD,"12,360","12,385",100.20%,"12,385",1,2
Deca03,12/15/2016,ZPD,"4,410",6002,,,,PD,"6,500","6,513",100.20%,"6,513",1,2
Deca03,12/15/2016,ZPD,"4,410",6003,,,,PD,"24,840","24,889",100.20%,"24,889",1,2
Deca03,12/15/2016,ZPD,"4,411",6004,,,,PD,"27,440","21,109",76.93%,"21,109",1,2
Deca03,12/15/2016,ZPD,"4,411",6005,,,,PD,"12,760","9,816",76.93%,"9,816",1,2
Wain01,12/15/2016,#1,"4,412",6006,,,,ST,"6,944","7,193",103.59%,"7,193",1,2
